episode,total_steps,epsilon,avg_reward,avg_aoi,avg_loss,fog_count,rejected_count,buffer_size,timestamp_s
1,137,0.995,3.6513,0.273877,5.496285,0.0,10.0,200,0.6
2,337,0.99,3.5714,0.28,44.269173,0.0,10.0,400,1.6
3,537,0.9851,3.6415,0.274619,76.313658,0.0,10.0,600,2.5
4,737,0.9801,3.6749,0.272118,84.550378,0.0,10.0,800,3.3
5,937,0.9752,3.6466,0.274226,109.511841,0.0,10.0,1000,4.3
6,1137,0.9704,3.6897,0.271031,83.502971,0.0,10.0,1200,5.2
7,1337,0.9655,3.6478,0.274137,136.47137,0.0,10.0,1400,6.0
8,1537,0.9607,3.6438,0.274441,122.104802,0.0,10.0,1600,6.9
9,1737,0.9559,3.6625,0.273054,201.280388,0.0,10.0,1800,7.9
10,1937,0.9511,3.6535,0.273715,195.709121,0.0,10.0,2000,9.0
11,2137,0.9464,3.6763,0.272015,244.832973,0.0,10.0,2200,9.9
12,2337,0.9416,3.6148,0.276642,167.597346,0.0,10.0,2400,10.9
13,2537,0.9369,3.663,0.273007,159.681244,0.0,10.0,2600,11.9
14,2737,0.9322,3.6964,0.270541,159.89447,0.0,10.0,2800,12.8
15,2937,0.9276,3.6598,0.273238,217.600347,0.0,10.0,3000,13.8
16,3137,0.9229,3.6488,0.274068,157.502234,0.0,10.0,3200,14.7
17,3337,0.9183,3.6441,0.274416,202.345573,0.0,10.0,3400,15.6
18,3537,0.9137,3.7104,0.269524,178.689005,0.0,10.0,3600,16.5
19,3737,0.9092,3.638,0.274888,215.001449,0.0,10.0,3800,17.4
20,3937,0.9046,3.6596,0.273257,224.70618,0.0,10.0,4000,18.3
21,4137,0.9001,3.6661,0.272797,209.011902,0.0,10.0,4200,19.3
22,4337,0.8956,3.7084,0.269684,218.44106,0.0,10.0,4400,20.3
23,4537,0.8911,3.6317,0.275358,191.573404,0.0,10.0,4600,21.5
24,4737,0.8867,3.6172,0.276466,228.572443,0.0,10.0,4800,22.5
25,4937,0.8822,3.6414,0.274623,260.475566,0.0,10.0,5000,23.5
26,5137,0.8778,3.6291,0.275552,179.136129,0.0,10.0,5200,24.4
27,5337,0.8734,3.7056,0.269872,217.816716,0.0,10.0,5400,25.3
28,5537,0.8691,3.6675,0.272664,172.05119,0.0,10.0,5600,26.2
29,5737,0.8647,3.6714,0.272376,198.237363,0.0,10.0,5800,27.2
30,5937,0.8604,3.6765,0.272007,238.686848,0.0,10.0,6000,28.1
31,6137,0.8561,3.6403,0.274714,187.719942,0.0,10.0,6200,29.1
32,6337,0.8518,3.6745,0.272148,194.485189,0.0,10.0,6400,30.0
33,6537,0.8475,3.6918,0.270891,231.271208,0.0,10.0,6600,30.9
34,6737,0.8433,3.6432,0.274482,182.372623,0.0,10.0,6800,31.8
35,6937,0.8391,3.6116,0.276886,274.827953,0.0,10.0,7000,32.8
36,7137,0.8349,3.7065,0.269806,217.483117,0.0,10.0,7200,33.9
37,7337,0.8307,3.7028,0.270095,255.290121,0.0,10.0,7400,34.8
38,7537,0.8266,3.5873,0.278761,264.731498,0.0,10.0,7600,35.8
39,7737,0.8224,3.6471,0.27421,226.827349,0.0,10.0,7800,36.9
40,7937,0.8183,3.6748,0.272127,236.677953,0.0,10.0,8000,37.9
41,8137,0.8142,3.6886,0.271115,250.95721,0.0,10.0,8200,38.9
42,8337,0.8102,3.6661,0.272787,189.397109,0.0,10.0,8400,39.9
43,8537,0.8061,3.652,0.273826,230.306378,0.0,10.0,8600,41.0
44,8737,0.8021,3.5877,0.278732,259.645408,0.0,10.0,8800,42.0
45,8937,0.7981,3.6659,0.272808,344.774232,0.0,10.0,9000,43.0
46,9137,0.7941,3.6553,0.273576,285.918904,0.0,10.0,9200,43.9
47,9337,0.7901,3.5884,0.278677,293.155673,0.0,10.0,9400,44.8
48,9537,0.7862,3.7394,0.267425,303.973498,0.0,10.0,9600,45.7
49,9737,0.7822,3.6667,0.272721,232.364943,0.0,10.0,9800,46.6
50,9937,0.7783,3.71,0.269563,312.262026,0.0,10.0,10000,47.6
51,10137,0.7744,3.641,0.274664,266.466917,0.0,10.0,10000,48.6
52,10337,0.7705,3.6257,0.275828,247.155825,0.0,10.0,10000,49.7
53,10537,0.7667,3.6375,0.274916,313.473562,0.0,10.0,10000,50.7
54,10737,0.7629,3.6262,0.275771,238.501914,0.0,10.0,10000,51.7
55,10937,0.759,3.6668,0.272716,256.672327,0.0,10.0,10000,52.6
56,11137,0.7553,3.681,0.271666,227.856695,0.0,10.0,10000,53.6
57,11337,0.7515,3.7068,0.269775,298.644305,0.0,10.0,10000,54.6
58,11537,0.7477,3.6574,0.273418,372.397684,0.0,10.0,10000,55.6
59,11737,0.744,3.6679,0.272644,366.922393,0.0,10.0,10000,56.6
60,11937,0.7403,3.6227,0.276042,374.054109,0.0,10.0,10000,57.5
61,12137,0.7366,3.6784,0.271888,425.839126,0.0,10.0,10000,58.5
62,12337,0.7329,3.6593,0.273292,338.155538,0.0,10.0,10000,59.5
63,12537,0.7292,3.6087,0.27711,314.461459,0.0,10.0,10000,60.5
64,12737,0.7256,3.6458,0.274291,200.290403,0.0,10.0,10000,61.5
65,12937,0.7219,3.6542,0.273662,235.771489,0.0,10.0,10000,62.5
66,13137,0.7183,3.6361,0.275021,219.992389,0.0,10.0,10000,63.5
67,13337,0.7147,3.7363,0.267656,253.571669,0.0,10.0,10000,64.5
68,13537,0.7112,3.6303,0.275466,304.208843,0.0,10.0,10000,65.5
69,13737,0.7076,3.6786,0.271861,222.02645,0.0,10.0,10000,66.5
70,13937,0.7041,3.6517,0.273897,293.500821,0.0,10.0,10000,67.6
71,14137,0.7005,3.636,0.27503,288.830093,0.0,10.0,10000,68.7
72,14337,0.697,3.6991,0.270337,355.556346,0.0,10.0,10000,69.7
73,14537,0.6936,3.6359,0.275037,340.797664,0.0,10.0,10000,70.7
74,14737,0.6901,3.621,0.276172,357.386419,0.0,10.0,10000,71.8
75,14937,0.6866,3.5794,0.279373,237.55986,0.0,10.0,10000,72.9
76,15137,0.6832,3.6818,0.271614,329.247531,0.0,10.0,10000,73.9
77,15337,0.6798,3.6303,0.27547,326.429049,0.0,10.0,10000,74.8
78,15537,0.6764,3.6327,0.275281,273.458985,0.0,10.0,10000,75.9
79,15737,0.673,3.5763,0.279623,294.612813,0.0,10.0,10000,76.8
80,15937,0.6696,3.6512,0.273884,246.265489,0.0,10.0,10000,77.9
81,16137,0.6663,3.6538,0.273714,294.464944,0.0,10.0,10000,78.9
82,16337,0.663,3.6855,0.271369,251.117465,0.0,10.0,10000,79.9
83,16537,0.6597,3.6212,0.27615,277.63194,0.0,10.0,10000,81.0
84,16737,0.6564,3.6573,0.273455,262.897837,0.0,10.0,10000,81.9
85,16937,0.6531,3.631,0.275425,172.723562,0.0,10.0,10000,82.9
86,17137,0.6498,3.669,0.272566,206.202576,0.0,10.0,10000,83.8
87,17337,0.6466,3.5974,0.277978,250.247623,0.0,10.0,10000,84.7
88,17537,0.6433,3.6483,0.274106,296.993212,0.0,10.0,10000,85.7
89,17737,0.6401,3.6029,0.277566,266.737723,0.0,10.0,10000,86.6
90,17937,0.6369,3.6857,0.271332,277.736031,0.0,10.0,10000,87.5
91,18137,0.6337,3.6662,0.272759,277.208064,0.0,10.0,10000,88.5
92,18337,0.6306,3.6779,0.271893,302.259791,0.0,10.0,10000,89.5
93,18537,0.6274,3.6993,0.270339,195.465695,0.0,10.0,10000,90.5
94,18737,0.6243,3.5961,0.278081,236.743207,0.0,10.0,10000,91.6
95,18937,0.6211,3.6157,0.276572,218.88947,0.0,10.0,10000,92.7
96,19137,0.618,3.6954,0.270619,254.580617,0.0,10.0,10000,93.8
97,19337,0.6149,3.6175,0.276438,294.486455,0.0,10.0,10000,94.8
98,19537,0.6119,3.6292,0.275545,307.557265,0.0,10.0,10000,95.7
99,19737,0.6088,3.6773,0.27195,317.429905,0.0,10.0,10000,96.7
100,19937,0.6058,3.5948,0.278179,316.428551,0.0,10.0,10000,97.6
101,20137,0.6027,3.6443,0.274402,259.092498,0.0,10.0,10000,98.6
102,20337,0.5997,3.6276,0.27567,279.752571,0.0,10.0,10000,99.5
103,20537,0.5967,3.6452,0.274354,320.152826,0.0,10.0,10000,100.6
104,20737,0.5937,3.6793,0.271802,257.746316,0.0,10.0,10000,101.7
105,20937,0.5908,3.6006,0.277738,328.706476,0.0,10.0,10000,102.7
106,21137,0.5878,3.6589,0.273308,289.782399,0.0,10.0,10000,103.6
107,21337,0.5849,3.6784,0.271864,290.088626,0.0,10.0,10000,104.8
108,21537,0.582,3.662,0.273076,258.256355,0.0,10.0,10000,105.9
109,21737,0.579,3.6828,0.271536,334.688835,0.0,10.0,10000,106.9
110,21937,0.5762,3.6763,0.272024,263.457669,0.0,10.0,10000,107.9
111,22137,0.5733,3.6268,0.275736,388.871082,0.0,10.0,10000,109.0
112,22337,0.5704,3.6787,0.271846,209.336415,0.0,10.0,10000,110.1
113,22537,0.5676,3.6055,0.277355,270.215769,0.0,10.0,10000,111.1
114,22737,0.5647,3.6943,0.270717,318.369297,0.0,10.0,10000,112.1
115,22937,0.5619,3.6373,0.274929,319.5641,0.0,10.0,10000,113.0
116,23137,0.5591,3.6227,0.276037,301.083684,0.0,10.0,10000,114.0
117,23337,0.5563,3.6466,0.274231,326.926839,0.0,10.0,10000,115.0
118,23537,0.5535,3.6892,0.271065,302.60059,0.0,10.0,10000,115.9
119,23737,0.5507,3.7459,0.266965,264.56449,0.0,10.0,10000,117.0
120,23937,0.548,3.6457,0.274321,291.680703,0.0,10.0,10000,118.0
121,24137,0.5452,3.611,0.276942,327.858261,0.0,10.0,10000,119.1
122,24337,0.5425,3.5972,0.277998,286.142237,0.0,10.0,10000,120.0
123,24537,0.5398,3.6495,0.274029,267.995472,0.0,10.0,10000,121.1
124,24737,0.5371,3.6266,0.275743,314.831962,0.0,10.0,10000,122.1
125,24937,0.5344,3.7654,0.265594,280.750009,0.0,10.0,10000,123.0
126,25137,0.5318,3.6176,0.276438,321.683252,0.0,10.0,10000,123.9
127,25337,0.5291,3.7987,0.263271,264.56599,0.0,10.0,10000,124.9
128,25537,0.5264,3.6692,0.272543,296.003324,0.0,10.0,10000,125.8
129,25737,0.5238,3.658,0.273381,238.086433,0.0,10.0,10000,126.8
130,25937,0.5212,3.6271,0.275701,312.466594,0.0,10.0,10000,127.7
131,26137,0.5186,3.6227,0.276041,319.26753,0.0,10.0,10000,128.9
132,26337,0.516,3.6526,0.273778,380.616336,0.0,10.0,10000,129.8
133,26537,0.5134,3.664,0.272929,340.568055,0.0,10.0,10000,130.7
134,26737,0.5108,3.599,0.277857,326.313824,0.0,10.0,10000,131.7
135,26937,0.5083,3.6108,0.276948,394.94508,0.0,10.0,10000,132.6
136,27137,0.5058,3.5998,0.277796,349.569,0.0,10.0,10000,133.6
137,27337,0.5032,3.5954,0.278137,341.685189,0.0,10.0,10000,134.5
138,27537,0.5007,3.6593,0.273278,294.950569,0.0,10.0,10000,135.5
139,27737,0.4982,3.6282,0.275621,305.190795,0.0,10.0,10000,136.5
140,27937,0.4957,3.7298,0.268117,263.178569,0.0,10.0,10000,137.6
141,28137,0.4932,3.6449,0.274361,249.328003,0.0,10.0,10000,138.8
142,28337,0.4908,3.6583,0.273354,229.204123,0.0,10.0,10000,139.9
143,28537,0.4883,3.6107,0.276952,243.620625,0.0,10.0,10000,141.1
144,28737,0.4859,3.6903,0.270993,195.874986,0.0,10.0,10000,142.2
145,28937,0.4834,3.7296,0.268134,262.797159,0.0,10.0,10000,143.3
146,29137,0.481,3.6049,0.277412,327.489182,0.0,10.0,10000,144.4
147,29337,0.4786,3.6348,0.27513,312.068546,0.0,10.0,10000,145.5
148,29537,0.4762,3.6341,0.275175,423.782641,0.0,10.0,10000,146.6
149,29737,0.4738,3.6243,0.275919,344.38647,0.0,10.0,10000,147.6
150,29937,0.4715,3.6632,0.272987,284.214963,0.0,10.0,10000,148.7
151,30137,0.4691,3.5871,0.278786,304.58483,0.0,10.0,10000,149.8
152,30337,0.4668,3.6423,0.274569,243.343787,0.0,10.0,10000,150.8
153,30537,0.4644,3.7415,0.267273,245.474695,0.0,10.0,10000,151.8
154,30737,0.4621,3.6159,0.276561,244.659023,0.0,10.0,10000,152.9
155,30937,0.4598,3.6233,0.275997,295.161838,0.0,10.0,10000,153.9
156,31137,0.4575,3.7088,0.26963,277.722185,0.0,10.0,10000,155.1
157,31337,0.4552,3.6452,0.274339,308.91785,0.0,10.0,10000,156.2
158,31537,0.4529,3.6808,0.271682,302.239654,0.0,10.0,10000,157.3
159,31737,0.4507,3.6168,0.27649,225.711114,0.0,10.0,10000,158.4
160,31937,0.4484,3.6541,0.273671,291.360388,0.0,10.0,10000,159.3
161,32137,0.4462,3.6468,0.274213,325.351807,0.0,10.0,10000,160.4
162,32337,0.444,3.644,0.274425,371.236684,0.0,10.0,10000,161.6
163,32537,0.4417,3.6846,0.271397,248.137415,0.0,10.0,10000,162.6
164,32737,0.4395,3.622,0.276092,244.059806,0.0,10.0,10000,163.6
165,32937,0.4373,3.6828,0.271537,236.476976,0.0,10.0,10000,164.6
166,33137,0.4351,3.7001,0.270266,295.639299,0.0,10.0,10000,165.6
167,33337,0.433,3.6447,0.274372,246.819937,0.0,10.0,10000,166.7
168,33537,0.4308,3.6149,0.276639,288.364516,0.0,10.0,10000,167.9
169,33737,0.4286,3.6517,0.273847,201.542389,0.0,10.0,10000,168.9
170,33937,0.4265,3.614,0.276703,266.022873,0.0,10.0,10000,169.9
171,34137,0.4244,3.6364,0.274998,241.963578,0.0,10.0,10000,171.0
172,34337,0.4223,3.6164,0.276535,261.392298,0.0,10.0,10000,172.2
173,34537,0.4201,3.7274,0.268283,329.54392,0.0,10.0,10000,173.2
174,34737,0.418,3.6797,0.271763,217.858625,0.0,10.0,10000,174.3
175,34937,0.4159,3.707,0.269781,246.237476,0.0,10.0,10000,175.3
176,35137,0.4139,3.65,0.273984,285.439972,0.0,10.0,10000,176.4
177,35337,0.4118,3.6705,0.272448,232.936563,0.0,10.0,10000,177.4
178,35537,0.4097,3.6701,0.272475,300.542367,0.0,10.0,10000,178.4
179,35737,0.4077,3.6961,0.270572,259.026299,0.0,10.0,10000,179.3
180,35937,0.4057,3.6155,0.276592,269.107385,0.0,10.0,10000,180.3
181,36137,0.4036,3.6343,0.275164,318.095683,0.0,10.0,10000,181.2
182,36337,0.4016,3.6163,0.276529,333.014132,0.0,10.0,10000,182.2
183,36537,0.3996,3.6091,0.277094,286.043678,0.0,10.0,10000,183.2
184,36737,0.3976,3.6497,0.274002,235.183538,0.0,10.0,10000,184.2
185,36937,0.3956,3.6205,0.276206,299.048022,0.0,10.0,10000,185.2
186,37137,0.3936,3.6846,0.271411,263.93369,0.0,10.0,10000,186.2
187,37337,0.3917,3.5984,0.277905,250.225449,0.0,10.0,10000,187.2
188,37537,0.3897,3.673,0.272271,274.403992,0.0,10.0,10000,188.3
189,37737,0.3878,3.6947,0.270665,204.857376,0.0,10.0,10000,189.3
190,37937,0.3858,3.6008,0.277713,248.993035,0.0,10.0,10000,190.3
191,38137,0.3839,3.6894,0.271053,287.313177,0.0,10.0,10000,191.3
192,38337,0.382,3.672,0.272343,301.719147,0.0,10.0,10000,192.3
193,38537,0.3801,3.6126,0.276814,263.00672,0.0,10.0,10000,193.3
194,38737,0.3782,3.7,0.270272,209.202424,0.0,10.0,10000,194.2
195,38937,0.3763,3.6372,0.274956,264.92366,0.0,10.0,10000,195.2
196,39137,0.3744,3.6663,0.27276,286.603722,0.0,10.0,10000,196.1
197,39337,0.3725,3.7022,0.270123,241.092028,0.0,10.0,10000,197.1
198,39537,0.3707,3.6029,0.277559,210.791519,0.0,10.0,10000,198.0
199,39737,0.3688,3.6793,0.271794,258.774258,0.0,10.0,10000,199.0
200,39937,0.367,3.6537,0.273703,270.710363,0.0,10.0,10000,200.0
201,40137,0.3651,3.6549,0.27361,200.387909,0.0,10.0,10000,201.0
202,40337,0.3633,3.6082,0.277149,278.361922,0.0,10.0,10000,201.9
203,40537,0.3615,3.6677,0.272655,265.898568,0.0,10.0,10000,202.9
204,40737,0.3597,3.6793,0.27179,274.629331,0.0,10.0,10000,203.8
205,40937,0.3579,3.6259,0.275815,388.664277,0.0,10.0,10000,204.8
206,41137,0.3561,3.6413,0.274629,335.383623,0.0,10.0,10000,205.8
207,41337,0.3543,3.6505,0.273959,298.706559,0.0,10.0,10000,206.8
208,41537,0.3525,3.6594,0.273279,352.475817,0.0,10.0,10000,207.8
209,41737,0.3508,3.6392,0.27479,377.127882,0.0,10.0,10000,208.8
210,41937,0.349,3.6934,0.270758,349.834017,0.0,10.0,10000,209.8
211,42137,0.3473,3.6791,0.271805,323.702005,0.0,10.0,10000,210.8
212,42337,0.3455,3.681,0.27167,285.160556,0.0,10.0,10000,211.8
213,42537,0.3438,3.5856,0.278894,371.079225,0.0,10.0,10000,212.8
214,42737,0.3421,3.6922,0.270847,371.746962,0.0,10.0,10000,213.7
215,42937,0.3404,3.6151,0.276633,378.723678,0.0,10.0,10000,214.7
216,43137,0.3387,3.6656,0.27281,236.690674,0.0,10.0,10000,215.8
217,43337,0.337,3.6593,0.273287,227.502731,0.0,10.0,10000,216.8
218,43537,0.3353,3.6986,0.27038,247.545997,0.0,10.0,10000,217.8
219,43737,0.3336,3.6477,0.274149,175.891813,0.0,10.0,10000,218.8
220,43937,0.332,3.6292,0.275542,230.766786,0.0,10.0,10000,219.7
221,44137,0.3303,3.6259,0.275796,282.527372,0.0,10.0,10000,220.8
222,44337,0.3286,3.5714,0.28,226.928786,0.0,10.0,10000,221.7
223,44537,0.327,3.6505,0.273938,212.57014,0.0,10.0,10000,222.7
224,44737,0.3254,3.5978,0.277948,282.516092,0.0,10.0,10000,223.7
225,44937,0.3237,3.6265,0.275756,224.362932,0.0,10.0,10000,224.6
226,45137,0.3221,3.5912,0.278456,291.022943,0.0,10.0,10000,225.6
227,45337,0.3205,3.6424,0.274547,296.698188,0.0,10.0,10000,226.6
228,45537,0.3189,3.65,0.273974,236.595402,0.0,10.0,10000,227.5
229,45737,0.3173,3.6502,0.273961,282.419046,0.0,10.0,10000,228.5
230,45937,0.3157,3.7059,0.269844,281.925351,0.0,10.0,10000,229.4
231,46137,0.3141,3.6692,0.272573,283.718535,0.0,10.0,10000,230.4
232,46337,0.3126,3.6566,0.273486,238.291784,0.0,10.0,10000,231.4
233,46537,0.311,3.7045,0.269946,207.611066,0.0,10.0,10000,232.4
234,46737,0.3095,3.6284,0.275613,248.790705,0.0,10.0,10000,233.4
235,46937,0.3079,3.7147,0.269202,317.58894,0.0,10.0,10000,234.5
236,47137,0.3064,3.6899,0.271015,303.358224,0.0,10.0,10000,235.7
237,47337,0.3048,3.6124,0.276834,300.859482,0.0,10.0,10000,236.6
238,47537,0.3033,3.6206,0.276215,290.027432,0.0,10.0,10000,237.8
239,47737,0.3018,3.6281,0.275635,315.286116,0.0,10.0,10000,238.7
240,47937,0.3003,3.6578,0.273402,251.200926,0.0,10.0,10000,239.7
241,48137,0.2988,3.6319,0.275337,306.182501,0.0,10.0,10000,240.7
242,48337,0.2973,3.6146,0.276657,303.813649,0.0,10.0,10000,241.6
243,48537,0.2958,3.5835,0.279057,334.205691,0.0,10.0,10000,242.6
244,48737,0.2943,3.6714,0.27238,303.959811,0.0,10.0,10000,243.6
245,48937,0.2929,3.6362,0.27502,262.196848,0.0,10.0,10000,244.8
246,49137,0.2914,3.6318,0.275344,289.476109,0.0,10.0,10000,245.8
247,49337,0.2899,3.595,0.278164,240.858696,0.0,10.0,10000,246.8
248,49537,0.2885,3.6089,0.277093,260.153496,0.0,10.0,10000,247.8
249,49737,0.287,3.6299,0.275502,302.552047,0.0,10.0,10000,249.0
250,49937,0.2856,3.718,0.268969,357.338471,0.0,10.0,10000,250.1
251,50137,0.2842,3.586,0.278866,231.551768,0.0,10.0,10000,251.2
252,50337,0.2828,3.6423,0.274566,228.887035,0.0,10.0,10000,252.3
253,50537,0.2813,3.6708,0.272434,245.134367,0.0,10.0,10000,253.5
254,50737,0.2799,3.6009,0.277707,279.626934,0.0,10.0,10000,254.7
255,50937,0.2785,3.6264,0.275759,209.145049,0.0,10.0,10000,256.0
256,51137,0.2771,3.6962,0.270553,266.71236,0.0,10.0,10000,257.1
257,51337,0.2758,3.6045,0.277435,214.784155,0.0,10.0,10000,258.3
258,51537,0.2744,3.6327,0.275278,253.66178,0.0,10.0,10000,259.5
259,51737,0.273,3.6341,0.275172,247.620875,0.0,10.0,10000,260.6
260,51937,0.2716,3.6361,0.275029,300.60373,0.0,10.0,10000,261.7
261,52137,0.2703,3.6939,0.270727,310.768394,0.0,10.0,10000,262.7
262,52337,0.2689,3.661,0.27316,310.332064,0.0,10.0,10000,263.9
263,52537,0.2676,3.6446,0.27438,384.883921,0.0,10.0,10000,265.0
264,52737,0.2663,3.6489,0.274057,274.870204,0.0,10.0,10000,266.4
265,52937,0.2649,3.6774,0.27195,296.113126,0.0,10.0,10000,267.5
266,53137,0.2636,3.6957,0.270638,272.165985,0.0,10.0,10000,268.6
267,53337,0.2623,3.7161,0.269117,190.660551,0.0,10.0,10000,269.7
268,53537,0.261,3.6431,0.274501,264.117477,0.0,10.0,10000,270.8
269,53737,0.2597,3.6571,0.273449,254.226612,0.0,10.0,10000,271.8
270,53937,0.2584,3.5852,0.278925,234.950305,0.0,10.0,10000,272.7
271,54137,0.2571,3.6805,0.271718,292.828496,0.0,10.0,10000,273.7
272,54337,0.2558,3.628,0.275633,222.880286,0.0,10.0,10000,274.7
273,54537,0.2545,3.6297,0.275509,296.338809,0.0,10.0,10000,275.7
274,54737,0.2532,3.7268,0.268334,274.844973,0.0,10.0,10000,276.7
275,54937,0.252,3.6522,0.273832,297.841673,0.0,10.0,10000,277.6
276,55137,0.2507,3.6742,0.272171,263.985714,0.0,10.0,10000,278.6
277,55337,0.2495,3.6682,0.272622,271.129398,0.0,10.0,10000,279.5
278,55537,0.2482,3.6011,0.277696,261.229227,0.0,10.0,10000,280.4
279,55737,0.247,3.5846,0.278972,217.407209,0.0,10.0,10000,281.4
280,55937,0.2457,3.6296,0.275512,279.286643,0.0,10.0,10000,282.3
281,56137,0.2445,3.6495,0.274014,239.132182,0.0,10.0,10000,283.3
282,56337,0.2433,3.6748,0.272132,241.072566,0.0,10.0,10000,284.3
283,56537,0.2421,3.6486,0.274089,271.486601,0.0,10.0,10000,285.2
284,56737,0.2409,3.6516,0.273855,285.24568,0.0,10.0,10000,286.2
285,56937,0.2397,3.6333,0.275241,274.799386,0.0,10.0,10000,287.1
286,57137,0.2385,3.6783,0.271887,324.786558,0.0,10.0,10000,288.1
287,57337,0.2373,3.6772,0.271949,371.626853,0.0,10.0,10000,289.0
288,57537,0.2361,3.663,0.273008,304.444173,0.0,10.0,10000,289.9
289,57737,0.2349,3.6507,0.273924,276.78692,0.0,10.0,10000,290.9
290,57937,0.2337,3.6254,0.275836,241.108131,0.0,10.0,10000,291.8
291,58137,0.2326,3.648,0.27413,315.784512,0.0,10.0,10000,292.7
292,58337,0.2314,3.6425,0.274541,347.895492,0.0,10.0,10000,293.7
293,58537,0.2302,3.7512,0.266592,350.760184,0.0,10.0,10000,294.7
294,58737,0.2291,3.6298,0.275503,326.510763,0.0,10.0,10000,295.8
295,58937,0.2279,3.6886,0.271119,297.515849,0.0,10.0,10000,296.9
296,59137,0.2268,3.6039,0.277488,262.075806,0.0,10.0,10000,297.9
297,59337,0.2257,3.6946,0.270685,245.400992,0.0,10.0,10000,298.9
298,59537,0.2245,3.6736,0.272226,340.570029,0.0,10.0,10000,300.0
299,59737,0.2234,3.6326,0.275294,280.887565,0.0,10.0,10000,300.9
300,59937,0.2223,3.6577,0.273401,224.041525,0.0,10.0,10000,301.9
301,60137,0.2212,3.6367,0.274986,250.846944,0.0,10.0,10000,302.9
302,60337,0.2201,3.6291,0.275583,273.505344,0.0,10.0,10000,304.0
303,60537,0.219,3.6692,0.272542,254.494477,0.0,10.0,10000,305.0
304,60737,0.2179,3.6081,0.277157,316.650289,0.0,10.0,10000,305.9
305,60937,0.2168,3.736,0.267677,251.743765,0.0,10.0,10000,306.9
306,61137,0.2157,3.6867,0.271249,315.955295,0.0,10.0,10000,307.9
307,61337,0.2146,3.6416,0.27462,384.361808,0.0,10.0,10000,309.0
308,61537,0.2136,3.6325,0.275324,354.738391,0.0,10.0,10000,309.9
309,61737,0.2125,3.661,0.273158,362.642444,0.0,10.0,10000,310.9
310,61937,0.2114,3.6691,0.272557,270.626618,0.0,10.0,10000,311.8
311,62137,0.2104,3.6393,0.274788,314.236217,0.0,10.0,10000,312.8
312,62337,0.2093,3.6605,0.273196,340.458181,0.0,10.0,10000,313.7
313,62537,0.2083,3.6834,0.271498,304.716573,0.0,10.0,10000,314.6
314,62737,0.2072,3.6559,0.273538,333.746556,0.0,10.0,10000,315.6
315,62937,0.2062,3.6457,0.2743,377.331859,0.0,10.0,10000,316.5
316,63137,0.2052,3.6876,0.271183,363.111997,0.0,10.0,10000,317.5
317,63337,0.2041,3.6752,0.272118,285.879762,0.0,10.0,10000,318.4
318,63537,0.2031,3.6059,0.277324,305.622921,0.0,10.0,10000,319.5
319,63737,0.2021,3.6235,0.27598,274.24692,0.0,10.0,10000,320.6
320,63937,0.2011,3.5863,0.278841,329.989876,0.0,10.0,10000,321.6
321,64137,0.2001,3.6318,0.275355,284.553342,0.0,10.0,10000,322.7
322,64337,0.1991,3.6777,0.271924,256.72003,0.0,10.0,10000,323.7
323,64537,0.1981,3.6447,0.274371,328.303749,0.0,10.0,10000,324.7
324,64737,0.1971,3.6338,0.275204,267.767096,0.0,10.0,10000,325.7
325,64937,0.1961,3.5916,0.278425,301.159349,0.0,10.0,10000,326.7
326,65137,0.1951,3.6299,0.27549,333.106311,0.0,10.0,10000,327.7
327,65337,0.1942,3.662,0.27308,302.738519,0.0,10.0,10000,328.6
328,65537,0.1932,3.6329,0.275261,257.122386,0.0,10.0,10000,329.6
329,65737,0.1922,3.7053,0.26989,239.530414,0.0,10.0,10000,330.7
330,65937,0.1913,3.6416,0.274616,297.18347,0.0,10.0,10000,331.7
331,66137,0.1903,3.6438,0.274446,320.212043,0.0,10.0,10000,332.6
332,66337,0.1893,3.6535,0.273718,318.162992,0.0,10.0,10000,333.6
333,66537,0.1884,3.6089,0.277095,375.947427,0.0,10.0,10000,334.5
334,66737,0.1875,3.7268,0.268342,231.962024,0.0,10.0,10000,335.5
335,66937,0.1865,3.6294,0.275531,356.3834,0.0,10.0,10000,336.4
336,67137,0.1856,3.6384,0.274867,372.689299,0.0,10.0,10000,337.4
337,67337,0.1847,3.661,0.273187,291.89175,0.0,10.0,10000,338.4
338,67537,0.1837,3.6546,0.273629,249.340923,0.0,10.0,10000,339.4
339,67737,0.1828,3.6601,0.273234,325.760678,0.0,10.0,10000,340.4
340,67937,0.1819,3.6068,0.277256,293.503674,0.0,10.0,10000,341.5
341,68137,0.181,3.6777,0.271926,299.760048,0.0,10.0,10000,342.4
342,68337,0.1801,3.6783,0.271871,328.803496,0.0,10.0,10000,343.4
343,68537,0.1792,3.6737,0.272209,301.083472,0.0,10.0,10000,344.3
344,68737,0.1783,3.6606,0.273192,208.886047,0.0,10.0,10000,345.3
345,68937,0.1774,3.6598,0.27324,339.345393,0.0,10.0,10000,346.2
346,69137,0.1765,3.6426,0.274542,384.938231,0.0,10.0,10000,347.2
347,69337,0.1756,3.6993,0.270333,292.869935,0.0,10.0,10000,348.1
348,69537,0.1748,3.6365,0.274996,332.630355,0.0,10.0,10000,349.1
349,69737,0.1739,3.6409,0.274664,329.683756,0.0,10.0,10000,350.1
350,69937,0.173,3.6474,0.274173,277.005268,0.0,10.0,10000,351.0
351,70137,0.1721,3.6097,0.277031,306.985003,0.0,10.0,10000,352.0
352,70337,0.1713,3.6512,0.273888,223.397375,0.0,10.0,10000,353.0
353,70537,0.1704,3.6802,0.271728,353.53842,0.0,10.0,10000,353.9
354,70737,0.1696,3.7002,0.270266,251.319891,0.0,10.0,10000,354.9
355,70937,0.1687,3.7125,0.269374,267.002864,0.0,10.0,10000,355.9
356,71137,0.1679,3.6362,0.275017,278.327194,0.0,10.0,10000,356.8
357,71337,0.167,3.6088,0.277108,332.441253,0.0,10.0,10000,357.9
358,71537,0.1662,3.6711,0.272409,326.325819,0.0,10.0,10000,358.8
359,71737,0.1654,3.6046,0.277424,351.564484,0.0,10.0,10000,359.7
360,71937,0.1646,3.6269,0.275721,295.474917,0.0,10.0,10000,360.7
361,72137,0.1637,3.6812,0.27167,291.571924,0.0,10.0,10000,361.7
362,72337,0.1629,3.644,0.274428,274.363927,0.0,10.0,10000,362.6
363,72537,0.1621,3.5882,0.278695,385.942806,0.0,10.0,10000,363.6
364,72737,0.1613,3.6465,0.27427,258.20246,0.0,10.0,10000,364.5
365,72937,0.1605,3.5963,0.278069,255.242523,0.0,10.0,10000,365.5
366,73137,0.1597,3.6036,0.277509,289.275204,0.0,10.0,10000,366.4
367,73337,0.1589,3.6098,0.277031,240.23324,0.0,10.0,10000,367.4
368,73537,0.1581,3.6645,0.272892,298.80422,0.0,10.0,10000,368.6
369,73737,0.1573,3.6161,0.276547,322.723737,0.0,10.0,10000,369.9
370,73937,0.1565,3.7373,0.267609,300.676775,0.0,10.0,10000,370.9
371,74137,0.1557,3.6233,0.275994,308.244479,0.0,10.0,10000,371.8
372,74337,0.1549,3.6315,0.275369,273.512233,0.0,10.0,10000,372.8
373,74537,0.1542,3.6099,0.27703,322.621347,0.0,10.0,10000,373.7
374,74737,0.1534,3.697,0.270499,344.838584,0.0,10.0,10000,374.7
375,74937,0.1526,3.6433,0.274478,251.56073,0.0,10.0,10000,375.9
376,75137,0.1519,3.6196,0.27628,280.021604,0.0,10.0,10000,377.0
377,75337,0.1511,3.6463,0.274257,228.692658,0.0,10.0,10000,378.1
378,75537,0.1504,3.6384,0.27485,300.855918,0.0,10.0,10000,379.3
379,75737,0.1496,3.5879,0.278717,333.951754,0.0,10.0,10000,380.5
380,75937,0.1489,3.667,0.272723,364.393425,0.0,10.0,10000,381.7
381,76137,0.1481,3.7313,0.268038,264.975762,0.0,10.0,10000,382.7
382,76337,0.1474,3.6647,0.272871,296.264152,0.0,10.0,10000,383.8
383,76537,0.1466,3.6484,0.2741,260.19826,0.0,10.0,10000,384.8
384,76737,0.1459,3.6378,0.274892,249.588621,0.0,10.0,10000,385.8
385,76937,0.1452,3.6522,0.273811,282.419487,0.0,10.0,10000,386.8
386,77137,0.1444,3.6449,0.274361,348.265413,0.0,10.0,10000,387.7
387,77337,0.1437,3.7284,0.268228,342.933462,0.0,10.0,10000,388.7
388,77537,0.143,3.6508,0.273917,390.262981,0.0,10.0,10000,389.8
389,77737,0.1423,3.6671,0.272696,291.422485,0.0,10.0,10000,390.8
390,77937,0.1416,3.632,0.275329,289.170196,0.0,10.0,10000,391.8
391,78137,0.1409,3.6127,0.276805,382.814959,0.0,10.0,10000,392.8
392,78337,0.1402,3.6829,0.271529,341.827343,0.0,10.0,10000,393.7
393,78537,0.1395,3.6653,0.272841,293.534144,0.0,10.0,10000,394.7
394,78737,0.1388,3.7303,0.268088,264.99877,0.0,10.0,10000,395.7
395,78937,0.1381,3.7001,0.27027,333.365969,0.0,10.0,10000,396.8
396,79137,0.1374,3.5914,0.278451,332.935353,0.0,10.0,10000,397.8
397,79337,0.1367,3.6142,0.276693,353.28617,0.0,10.0,10000,398.8
398,79537,0.136,3.648,0.274128,394.167487,0.0,10.0,10000,399.9
399,79737,0.1353,3.6189,0.276328,328.443272,0.0,10.0,10000,400.9
400,79937,0.1347,3.6525,0.27379,272.950552,0.0,10.0,10000,401.9
401,80137,0.134,3.7442,0.267096,324.551321,0.0,10.0,10000,402.9
402,80337,0.1333,3.5979,0.277947,337.265985,0.0,10.0,10000,404.0
403,80537,0.1326,3.6155,0.27659,216.287401,0.0,10.0,10000,405.0
404,80737,0.132,3.5808,0.279269,189.016399,0.0,10.0,10000,406.1
405,80937,0.1313,3.6611,0.273144,265.637631,0.0,10.0,10000,407.3
406,81137,0.1307,3.6202,0.276233,338.883077,0.0,10.0,10000,408.4
407,81337,0.13,3.7314,0.267999,269.687502,0.0,10.0,10000,409.5
408,81537,0.1294,3.6837,0.271475,317.373359,0.0,10.0,10000,410.6
409,81737,0.1287,3.6242,0.275922,373.531003,0.0,10.0,10000,411.7
410,81937,0.1281,3.6646,0.272888,239.668499,0.0,10.0,10000,412.7
411,82137,0.1274,3.6448,0.274365,268.923261,0.0,10.0,10000,413.8
412,82337,0.1268,3.61,0.277006,336.369917,0.0,10.0,10000,414.8
413,82537,0.1262,3.6557,0.273558,332.449119,0.0,10.0,10000,415.9
414,82737,0.1255,3.6542,0.273661,202.606612,0.0,10.0,10000,417.0
415,82937,0.1249,3.6663,0.272762,325.436818,0.0,10.0,10000,418.1
416,83137,0.1243,3.6278,0.275652,289.816831,0.0,10.0,10000,419.1
417,83337,0.1237,3.7015,0.270162,300.92682,0.0,10.0,10000,420.2
418,83537,0.123,3.6378,0.274892,304.76261,0.0,10.0,10000,421.3
419,83737,0.1224,3.6841,0.271442,249.3325,0.0,10.0,10000,422.4
420,83937,0.1218,3.6105,0.276974,297.189698,0.0,10.0,10000,423.4
421,84137,0.1212,3.6187,0.276345,328.988599,0.0,10.0,10000,424.5
422,84337,0.1206,3.6597,0.273258,272.702939,0.0,10.0,10000,425.5
423,84537,0.12,3.6715,0.272378,235.809168,0.0,10.0,10000,426.6
424,84737,0.1194,3.6422,0.274573,252.601235,0.0,10.0,10000,427.8
425,84937,0.1188,3.6492,0.274052,259.222199,0.0,10.0,10000,429.0
426,85137,0.1182,3.657,0.273451,243.181551,0.0,10.0,10000,430.0
427,85337,0.1176,3.6629,0.273024,313.628196,0.0,10.0,10000,431.1
428,85537,0.117,3.6171,0.276468,306.448332,0.0,10.0,10000,432.0
429,85737,0.1164,3.6605,0.273188,231.920954,0.0,10.0,10000,433.0
430,85937,0.1159,3.6092,0.277074,342.382532,0.0,10.0,10000,433.9
431,86137,0.1153,3.6903,0.270996,279.231195,0.0,10.0,10000,434.9
432,86337,0.1147,3.7189,0.268912,316.748747,0.0,10.0,10000,435.9
433,86537,0.1141,3.6486,0.274083,313.172017,0.0,10.0,10000,436.8
434,86737,0.1136,3.6225,0.276061,345.03411,0.0,10.0,10000,437.8
435,86937,0.113,3.5762,0.279623,291.958359,0.0,10.0,10000,438.7
436,87137,0.1124,3.6618,0.27311,247.882848,0.0,10.0,10000,439.7
437,87337,0.1119,3.6566,0.273482,264.100764,0.0,10.0,10000,440.7
438,87537,0.1113,3.6875,0.271198,276.421476,0.0,10.0,10000,441.7
439,87737,0.1107,3.6023,0.277605,209.40818,0.0,10.0,10000,442.6
440,87937,0.1102,3.6075,0.277211,259.556685,0.0,10.0,10000,443.6
441,88137,0.1096,3.662,0.273073,315.175075,0.0,10.0,10000,444.5
442,88337,0.1091,3.7069,0.26977,297.114491,0.0,10.0,10000,445.4
443,88537,0.1085,3.6563,0.273512,253.124624,0.0,10.0,10000,446.4
444,88737,0.108,3.6985,0.270408,249.27604,0.0,10.0,10000,447.3
445,88937,0.1075,3.6648,0.272869,263.116728,0.0,10.0,10000,448.3
446,89137,0.1069,3.6325,0.275308,296.799656,0.0,10.0,10000,449.2
447,89337,0.1064,3.6154,0.276597,305.20333,0.0,10.0,10000,450.2
448,89537,0.1059,3.6188,0.27634,233.125346,0.0,10.0,10000,451.1
449,89737,0.1053,3.6681,0.272631,305.589513,0.0,10.0,10000,452.1
450,89937,0.1048,3.6388,0.274821,240.77102,0.0,10.0,10000,453.0
451,90137,0.1043,3.6144,0.276673,330.590259,0.0,10.0,10000,454.0
452,90337,0.1038,3.6282,0.275619,336.453165,0.0,10.0,10000,454.9
453,90537,0.1032,3.6338,0.275197,231.439261,0.0,10.0,10000,455.8
454,90737,0.1027,3.6058,0.277347,285.982775,0.0,10.0,10000,456.8
455,90937,0.1022,3.6473,0.27418,301.310292,0.0,10.0,10000,457.9
456,91137,0.1017,3.6534,0.273725,316.729441,0.0,10.0,10000,459.0
457,91337,0.1012,3.6418,0.274594,291.355828,0.0,10.0,10000,459.9
458,91537,0.1007,3.6265,0.275752,303.431447,0.0,10.0,10000,460.9
459,91737,0.1002,3.6263,0.275763,299.072987,0.0,10.0,10000,461.8
460,91937,0.0997,3.653,0.273746,315.823901,0.0,10.0,10000,462.8
461,92137,0.0992,3.7143,0.269234,310.692141,0.0,10.0,10000,463.9
462,92337,0.0987,3.6961,0.270578,313.153183,0.0,10.0,10000,464.9
463,92537,0.0982,3.5818,0.279188,255.963653,0.0,10.0,10000,466.1
464,92737,0.0977,3.6202,0.27623,321.459923,0.0,10.0,10000,467.3
465,92937,0.0972,3.6795,0.271793,263.586192,0.0,10.0,10000,468.5
466,93137,0.0967,3.643,0.274505,300.65652,0.0,10.0,10000,469.6
467,93337,0.0962,3.6926,0.270813,246.223677,0.0,10.0,10000,470.6
468,93537,0.0958,3.6118,0.27688,354.028493,0.0,10.0,10000,471.7
469,93737,0.0953,3.6181,0.276397,305.251153,0.0,10.0,10000,472.8
470,93937,0.0948,3.6104,0.276975,256.442571,0.0,10.0,10000,473.8
471,94137,0.0943,3.7126,0.269363,301.443614,0.0,10.0,10000,474.9
472,94337,0.0939,3.6096,0.27704,240.453706,0.0,10.0,10000,475.9
473,94537,0.0934,3.62,0.276251,238.97488,0.0,10.0,10000,477.0
474,94737,0.0929,3.6928,0.270801,261.95762,0.0,10.0,10000,478.2
475,94937,0.0925,3.7016,0.270195,294.458193,0.0,10.0,10000,479.3
476,95137,0.092,3.7086,0.269647,249.195732,0.0,10.0,10000,480.2
477,95337,0.0915,3.728,0.268254,275.926254,0.0,10.0,10000,481.2
478,95537,0.0911,3.6539,0.273698,321.51306,0.0,10.0,10000,482.2
479,95737,0.0906,3.6364,0.275,262.68321,0.0,10.0,10000,483.2
480,95937,0.0902,3.6876,0.271201,225.486646,0.0,10.0,10000,484.4
481,96137,0.0897,3.6016,0.277659,243.53129,0.0,10.0,10000,485.7
482,96337,0.0893,3.6614,0.273125,266.699106,0.0,10.0,10000,486.8
483,96537,0.0888,3.6368,0.274981,331.992264,0.0,10.0,10000,487.9
484,96737,0.0884,3.632,0.275335,281.677565,0.0,10.0,10000,489.0
485,96937,0.0879,3.6603,0.2732,267.393622,0.0,10.0,10000,490.0
486,97137,0.0875,3.5819,0.279184,252.330677,0.0,10.0,10000,490.9
487,97337,0.0871,3.6336,0.275216,283.658808,0.0,10.0,10000,491.9
488,97537,0.0866,3.6965,0.270526,252.621276,0.0,10.0,10000,492.8
489,97737,0.0862,3.6307,0.275426,310.559854,0.0,10.0,10000,493.9
490,97937,0.0858,3.6113,0.276922,212.445728,0.0,10.0,10000,494.9
491,98137,0.0853,3.6561,0.273515,293.656157,0.0,10.0,10000,495.9
492,98337,0.0849,3.6188,0.276335,304.315928,0.0,10.0,10000,496.8
493,98537,0.0845,3.6503,0.273956,289.35088,0.0,10.0,10000,497.7
494,98737,0.0841,3.6132,0.276768,241.741494,0.0,10.0,10000,498.7
495,98937,0.0836,3.6377,0.274902,268.146499,0.0,10.0,10000,499.6
496,99137,0.0832,3.6432,0.274487,210.109957,0.0,10.0,10000,500.5
497,99337,0.0828,3.6786,0.271853,311.703071,0.0,10.0,10000,501.5
498,99537,0.0824,3.6969,0.270522,293.376957,0.0,10.0,10000,502.4
499,99737,0.082,3.6235,0.275991,350.636273,0.0,10.0,10000,503.4
500,99937,0.0816,3.6209,0.276177,277.13997,0.0,10.0,10000,504.4
1,100074,0.0812,15.1292,0.066104,36.223222,9.16,0.83,200,0.6
2,100274,0.0808,15.1752,0.0659,2832.880852,6.78,3.22,400,1.8
3,100474,0.0804,16.421,0.0609,3027.054413,8.66,1.33,600,3.0
4,100674,0.08,14.4563,0.069176,3952.566273,7.67,2.33,800,3.9
5,100874,0.0796,15.1577,0.065978,3602.735388,8.55,1.45,1000,4.8
6,101074,0.0792,15.8357,0.06315,5022.492517,8.46,1.54,1200,5.7
7,101274,0.0788,15.649,0.063911,3889.877091,8.71,1.29,1400,6.6
8,101474,0.0784,15.567,0.064241,5237.215362,8.13,1.86,1600,7.5
9,101674,0.078,15.5485,0.064316,5219.532586,8.63,1.36,1800,8.4
10,101874,0.0776,16.2266,0.061627,4722.789424,8.84,1.17,2000,9.3
11,102074,0.0772,14.8178,0.067493,4941.597114,7.75,2.25,2200,10.2
12,102274,0.0768,14.3026,0.069919,5356.573905,6.88,3.12,2400,11.1
13,102474,0.0764,15.4795,0.064606,5569.192556,8.65,1.34,2600,11.9
14,102674,0.076,15.6067,0.06409,6025.660577,8.54,1.46,2800,12.8
15,102874,0.0757,16.1132,0.062063,5733.285935,8.95,1.05,3000,13.7
16,103074,0.0753,14.6731,0.068153,5296.521818,7.09,2.9,3200,14.6
17,103274,0.0749,15.9384,0.062742,5808.696846,7.54,2.46,3400,15.6
18,103474,0.0745,16.8641,0.059303,3903.97737,9.72,0.28,3600,16.6
19,103674,0.0742,16.0359,0.062362,5842.522354,9.21,0.79,3800,17.5
20,103874,0.0738,14.8869,0.067174,4723.482404,8.92,1.08,4000,18.7
21,104074,0.0734,16.3166,0.061294,5019.62903,9.24,0.76,4200,19.8
22,104274,0.0731,16.1865,0.061781,5455.781066,9.05,0.94,4400,20.8
23,104474,0.0727,16.5486,0.06043,5315.930704,8.68,1.32,4600,21.8
24,104674,0.0723,15.7649,0.063436,6129.318839,8.79,1.21,4800,22.8
25,104874,0.072,17.4313,0.057369,5342.402323,9.82,0.17,5000,23.7
26,105074,0.0716,16.2719,0.061456,5411.650103,9.54,0.46,5200,24.5
27,105274,0.0712,14.9716,0.066798,5815.364831,6.83,3.17,5400,25.5
28,105474,0.0709,15.4597,0.064685,4983.320574,8.7,1.3,5600,26.4
29,105674,0.0705,15.4917,0.064553,4780.565952,9.38,0.62,5800,27.3
30,105874,0.0702,17.0061,0.058804,5722.378329,9.64,0.35,6000,28.3
31,106074,0.0698,17.3652,0.057591,5135.937806,9.55,0.45,6200,29.2
32,106274,0.0695,15.6795,0.06379,3789.769034,8.62,1.39,6400,30.1
33,106474,0.0691,14.5914,0.068537,5282.9424,7.62,2.38,6600,31.0
34,106674,0.0688,14.2505,0.070175,5145.512346,6.83,3.17,6800,31.8
35,106874,0.0684,16.1524,0.061917,4914.697359,8.52,1.48,7000,32.8
36,107074,0.0681,15.6333,0.06397,5837.905754,7.74,2.27,7200,33.6
37,107274,0.0678,16.4087,0.06095,5672.297532,9.46,0.54,7400,34.5
38,107474,0.0674,16.1133,0.062065,4649.836683,9.54,0.46,7600,35.4
39,107674,0.0671,16.3187,0.061285,3322.81335,9.01,0.99,7800,36.4
40,107874,0.0668,13.7223,0.072881,5759.165786,6.87,3.13,8000,37.3
41,108074,0.0664,16.1122,0.062072,5260.95504,9.63,0.37,8200,38.2
42,108274,0.0661,14.9977,0.066677,6049.720477,8.71,1.29,8400,39.1
43,108474,0.0658,13.8864,0.072013,5758.467575,6.34,3.65,8600,40.1
44,108674,0.0654,15.8536,0.063079,5869.377065,9.02,0.98,8800,41.1
45,108874,0.0651,15.9137,0.062839,4769.563256,8.76,1.25,9000,42.0
46,109074,0.0648,15.656,0.063876,5206.354279,8.65,1.35,9200,42.9
47,109274,0.0645,15.9573,0.062673,4279.29121,9.76,0.24,9400,43.8
48,109474,0.0641,14.79,0.067615,6241.752282,7.76,2.23,9600,44.8
49,109674,0.0638,15.8332,0.063161,5135.874132,8.72,1.28,9800,45.8
50,109874,0.0635,15.9404,0.062734,5648.060628,8.55,1.45,10000,46.9
51,110074,0.0632,16.2895,0.06139,4195.698433,9.12,0.88,10000,47.8
52,110274,0.0629,17.0354,0.058704,5087.863429,9.82,0.18,10000,48.8
53,110474,0.0625,15.4395,0.06477,5283.419685,8.47,1.52,10000,49.7
54,110674,0.0622,14.7903,0.067612,5588.322487,7.42,2.58,10000,50.6
55,110874,0.0619,16.0912,0.062147,6216.600353,8.54,1.46,10000,51.5
56,111074,0.0616,13.7198,0.072891,5887.493466,5.88,4.12,10000,52.5
57,111274,0.0613,15.7701,0.063423,4937.667206,7.75,2.25,10000,54.0
58,111474,0.061,16.2799,0.061429,4847.23575,8.77,1.24,10000,55.7
59,111674,0.0607,15.2725,0.065479,6451.620944,8.77,1.23,10000,57.1
60,111874,0.0604,15.5124,0.064469,5058.948946,7.82,2.18,10000,58.5
61,112074,0.0601,15.6553,0.063878,5225.099451,9.29,0.71,10000,60.4
62,112274,0.0598,15.5819,0.064186,6157.507511,7.84,2.15,10000,61.7
63,112474,0.0595,14.2024,0.070411,6463.925817,7.78,2.22,10000,62.9
64,112674,0.0592,13.691,0.073043,5759.452271,6.12,3.88,10000,64.7
65,112874,0.0589,15.3997,0.064937,6821.297961,8.7,1.3,10000,65.9
66,113074,0.0586,15.8599,0.063057,5562.878799,9.11,0.89,10000,67.3
67,113274,0.0583,14.8889,0.067169,5229.812997,7.73,2.27,10000,68.7
68,113474,0.058,13.6331,0.073351,4824.966331,4.88,5.12,10000,70.0
69,113674,0.0577,14.5391,0.068793,5969.136121,6.83,3.17,10000,71.4
70,113874,0.0574,14.9242,0.06701,5041.667147,8.12,1.88,10000,72.8
71,114074,0.0571,15.1703,0.065918,4958.995074,7.76,2.23,10000,74.2
72,114274,0.0569,17.0701,0.058585,6195.986634,9.63,0.37,10000,75.3
73,114474,0.0566,15.1097,0.066182,5737.373763,8.05,1.95,10000,76.6
74,114674,0.0563,15.0954,0.06625,4617.162426,7.75,2.25,10000,77.8
75,114874,0.056,15.9393,0.062739,6510.079865,8.82,1.18,10000,79.2
76,115074,0.0557,15.011,0.066619,5026.59526,7.76,2.24,10000,80.6
77,115274,0.0555,15.6759,0.063794,6792.897903,8.86,1.15,10000,81.9
78,115474,0.0552,14.3372,0.069756,5469.968221,6.75,3.25,10000,83.1
79,115674,0.0549,15.3304,0.06523,5606.431674,8.77,1.23,10000,84.3
80,115874,0.0546,15.6302,0.063982,6048.995799,8.81,1.19,10000,85.6
81,116074,0.0544,15.7313,0.063569,4782.586284,8.0,2.0,10000,86.8
82,116274,0.0541,14.4543,0.069185,5817.632217,6.79,3.21,10000,88.1
83,116474,0.0538,16.7891,0.059566,5052.937358,9.3,0.69,10000,89.6
84,116674,0.0535,15.185,0.065857,3553.172658,7.75,2.25,10000,91.1
85,116874,0.0533,17.2669,0.057919,5417.14408,9.84,0.17,10000,92.5
86,117074,0.053,13.9832,0.071519,4863.704583,6.11,3.89,10000,93.9
87,117274,0.0527,16.1835,0.061794,6297.544866,9.8,0.2,10000,95.1
88,117474,0.0525,16.3174,0.061286,6244.753379,8.9,1.1,10000,96.4
89,117674,0.0522,16.3994,0.060984,4558.527106,9.83,0.17,10000,97.6
90,117874,0.052,14.5541,0.068719,4059.427981,7.83,2.17,10000,98.7
91,118074,0.0517,14.4399,0.069252,4612.650522,6.91,3.1,10000,100.1
92,118274,0.0514,14.8833,0.067191,4417.442763,7.74,2.26,10000,101.3
93,118474,0.0512,17.1009,0.058482,5001.549478,8.88,1.12,10000,102.5
94,118674,0.0509,16.3,0.061354,5642.312448,9.65,0.34,10000,103.7
95,118874,0.0507,14.8955,0.067135,4265.944565,8.79,1.21,10000,105.0
96,119074,0.0504,14.972,0.066791,5801.859395,7.89,2.1,10000,106.2
97,119274,0.0502,15.2825,0.065435,4895.008402,8.62,1.38,10000,107.2
98,119474,0.0499,15.7709,0.063418,4700.990242,9.19,0.81,10000,108.4
99,119674,0.0497,14.7904,0.067613,5739.456177,7.82,2.18,10000,109.5
100,119874,0.0494,14.7486,0.067808,4727.748004,6.91,3.1,10000,110.7
101,120074,0.0492,16.4172,0.060912,5835.451471,9.71,0.28,10000,111.8
102,120274,0.0489,13.753,0.072715,5264.798373,6.08,3.92,10000,113.0
103,120474,0.0487,16.4516,0.06079,6648.547954,8.8,1.2,10000,114.1
104,120674,0.0484,14.5655,0.068659,5180.28475,6.8,3.2,10000,115.2
105,120874,0.0482,15.1987,0.065798,4810.11904,8.11,1.9,10000,116.4
106,121074,0.0479,13.8838,0.072029,5261.755476,7.74,2.27,10000,117.6
107,121274,0.0477,15.6617,0.063852,5884.189572,8.79,1.22,10000,118.7
108,121474,0.0475,16.2372,0.061587,5480.85738,8.79,1.21,10000,119.9
109,121674,0.0472,15.5608,0.064269,4870.817872,8.8,1.2,10000,121.0
110,121874,0.047,14.5482,0.068737,5671.597358,7.8,2.2,10000,122.1
111,122074,0.0468,15.831,0.063169,6346.81268,9.81,0.19,10000,123.2
112,122274,0.0465,15.2875,0.065416,6488.035633,8.61,1.39,10000,124.3
113,122474,0.0463,15.0704,0.066366,6695.733558,7.88,2.12,10000,125.4
114,122674,0.0461,16.8728,0.059268,8102.902305,9.83,0.17,10000,126.5
115,122874,0.0458,17.4534,0.057296,5782.279026,9.96,0.04,10000,127.5
116,123074,0.0456,15.7487,0.063499,5673.968239,8.13,1.87,10000,128.6
117,123274,0.0454,15.7843,0.063356,4412.985675,7.82,2.18,10000,129.8
118,123474,0.0452,16.2899,0.061397,4947.579404,7.87,2.13,10000,130.8
119,123674,0.0449,14.3269,0.0698,6029.363636,6.82,3.19,10000,131.9
120,123874,0.0447,14.5248,0.068853,5149.543714,8.52,1.49,10000,133.0
121,124074,0.0445,13.7407,0.072781,5911.170381,5.81,4.19,10000,134.1
122,124274,0.0443,14.3133,0.069876,5271.696663,6.75,3.25,10000,135.1
123,124474,0.044,14.9982,0.066678,5674.496091,6.75,3.25,10000,136.2
124,124674,0.0438,15.6044,0.06409,4585.895041,8.71,1.28,10000,137.3
125,124874,0.0436,14.2259,0.070295,5734.18552,6.79,3.21,10000,138.5
126,125074,0.0434,16.446,0.060809,4843.13774,8.79,1.21,10000,139.6
127,125274,0.0432,14.851,0.067337,4789.218296,7.79,2.21,10000,140.7
128,125474,0.0429,16.1685,0.061849,3918.332973,9.38,0.61,10000,141.8
129,125674,0.0427,16.3191,0.061282,5965.778553,9.73,0.27,10000,143.0
130,125874,0.0425,16.3564,0.061146,4836.95916,8.74,1.26,10000,144.0
131,126074,0.0423,16.5358,0.060482,4928.295522,9.7,0.3,10000,145.0
132,126274,0.0421,15.4841,0.064583,6438.308851,8.37,1.63,10000,146.0
133,126474,0.0419,14.8088,0.06753,5408.970748,8.86,1.15,10000,147.1
134,126674,0.0417,17.4177,0.057413,4931.308011,9.74,0.26,10000,148.3
135,126874,0.0415,14.882,0.067196,5121.883042,7.8,2.2,10000,149.4
136,127074,0.0413,16.19,0.061775,6474.023378,8.75,1.25,10000,150.5
137,127274,0.041,14.4188,0.069354,4779.518787,8.48,1.51,10000,151.6
138,127474,0.0408,14.8014,0.067566,4775.658069,7.47,2.52,10000,152.6
139,127674,0.0406,15.2243,0.06569,7691.632642,8.66,1.34,10000,153.6
140,127874,0.0404,15.864,0.063043,6039.150278,8.79,1.21,10000,154.6
141,128074,0.0402,16.1236,0.062022,4892.322812,9.72,0.28,10000,155.7
142,128274,0.04,15.6994,0.063698,5760.744844,8.36,1.64,10000,156.8
143,128474,0.0398,15.5968,0.064124,4719.0203,7.29,2.71,10000,157.9
144,128674,0.0396,15.3104,0.065316,5438.437905,8.84,1.17,10000,159.0
145,128874,0.0394,14.7965,0.067585,5924.191639,6.78,3.22,10000,160.2
146,129074,0.0392,14.8189,0.067484,5815.382762,7.83,2.17,10000,161.3
147,129274,0.039,16.4429,0.060819,5650.981409,9.83,0.17,10000,162.4
148,129474,0.0388,16.2815,0.061421,5305.897115,8.85,1.16,10000,163.5
149,129674,0.0387,15.4839,0.064591,6230.142238,7.8,2.19,10000,164.6
150,129874,0.0385,14.9414,0.066929,3818.007752,8.14,1.85,10000,165.8
151,130074,0.0383,15.8474,0.063102,4865.814776,8.6,1.41,10000,166.9
152,130274,0.0381,15.8609,0.063049,4949.921693,8.93,1.07,10000,168.0
153,130474,0.0379,15.5841,0.064169,4420.294787,9.12,0.88,10000,169.1
154,130674,0.0377,16.4346,0.060854,5662.791382,9.85,0.15,10000,170.2
155,130874,0.0375,14.831,0.067427,6370.893795,6.34,3.65,10000,171.1
156,131074,0.0373,14.6821,0.068114,6702.262645,6.79,3.21,10000,172.3
157,131274,0.0371,16.6449,0.06008,4509.645505,9.74,0.26,10000,173.4
158,131474,0.0369,15.2351,0.065639,5598.976257,8.12,1.88,10000,174.6
159,131674,0.0368,16.1714,0.061841,5209.946573,7.92,2.08,10000,175.7
160,131874,0.0366,14.8692,0.067258,6179.957343,7.7,2.3,10000,176.8
161,132074,0.0364,17.2604,0.05795,5740.946017,8.77,1.24,10000,177.9
162,132274,0.0362,16.0451,0.062324,6587.917561,9.78,0.22,10000,178.9
163,132474,0.036,15.4483,0.064739,5578.928788,8.85,1.15,10000,180.0
164,132674,0.0359,16.6452,0.060081,6276.843728,9.89,0.11,10000,181.1
165,132874,0.0357,16.0832,0.062181,6425.024471,9.88,0.12,10000,182.2
166,133074,0.0355,15.183,0.065869,5907.298271,7.91,2.09,10000,183.3
167,133274,0.0353,16.0151,0.062441,5776.301479,9.95,0.06,10000,184.5
168,133474,0.0351,13.7154,0.07291,5286.567878,7.17,2.83,10000,185.6
169,133674,0.035,14.8875,0.067171,5273.46149,6.97,3.03,10000,186.8
170,133874,0.0348,14.5386,0.068786,4609.274521,6.83,3.17,10000,187.9
171,134074,0.0346,15.7406,0.063531,4315.88173,7.75,2.25,10000,189.0
172,134274,0.0344,15.9959,0.062517,4868.979544,8.83,1.17,10000,190.1
173,134474,0.0343,14.9922,0.066703,4237.964561,8.89,1.11,10000,191.2
174,134674,0.0341,14.4441,0.069232,5338.899551,6.94,3.06,10000,192.3
175,134874,0.0339,16.6731,0.059979,6837.306544,9.73,0.27,10000,193.3
176,135074,0.0338,16.1839,0.061794,6109.52899,8.86,1.14,10000,194.3
177,135274,0.0336,13.8815,0.072039,5259.489209,5.92,4.08,10000,195.3
178,135474,0.0334,14.4325,0.069295,5590.12961,6.79,3.21,10000,196.1
179,135674,0.0333,14.0147,0.071354,5957.658473,6.83,3.17,10000,197.1
180,135874,0.0331,14.1107,0.070869,5458.812479,5.63,4.37,10000,198.3
181,136074,0.0329,15.5991,0.064111,5141.058384,6.9,3.1,10000,199.4
182,136274,0.0328,17.1968,0.058157,6821.810097,9.87,0.14,10000,200.5
183,136474,0.0326,14.9744,0.066782,5131.039821,8.57,1.43,10000,201.4
184,136674,0.0324,16.3114,0.061308,5029.019545,8.87,1.13,10000,202.4
185,136874,0.0323,16.6238,0.060156,5415.526203,9.81,0.18,10000,203.5
186,137074,0.0321,15.9404,0.062733,5508.001506,8.92,1.08,10000,204.5
187,137274,0.0319,16.5961,0.06026,4369.606534,9.79,0.2,10000,205.6
188,137474,0.0318,15.6955,0.063714,5151.951222,8.87,1.13,10000,206.7
189,137674,0.0316,15.2563,0.065553,5497.04887,8.74,1.26,10000,207.8
190,137874,0.0315,15.2218,0.065713,5313.250102,8.93,1.07,10000,208.8
191,138074,0.0313,15.1417,0.066045,5850.892149,7.89,2.1,10000,209.7
192,138274,0.0312,17.9433,0.055739,6134.155375,8.8,1.2,10000,210.7
193,138474,0.031,14.6062,0.068465,5861.208392,7.61,2.4,10000,211.8
194,138674,0.0308,14.4044,0.069424,4770.240603,8.86,1.14,10000,212.9
195,138874,0.0307,16.1031,0.062101,4450.013342,7.87,2.13,10000,214.0
196,139074,0.0305,13.923,0.071826,4607.791263,7.12,2.88,10000,214.9
197,139274,0.0304,14.4814,0.069054,5520.258357,8.1,1.9,10000,215.8
198,139474,0.0302,15.518,0.064442,5827.83282,7.86,2.14,10000,216.9
199,139674,0.0301,16.2704,0.061465,5619.48912,8.91,1.09,10000,218.0
200,139874,0.0299,15.8528,0.063084,5361.904769,9.53,0.47,10000,219.1
201,140074,0.0298,15.4288,0.064815,5789.830046,7.92,2.08,10000,220.4
202,140274,0.0296,15.7329,0.063566,4974.288296,9.38,0.62,10000,221.7
203,140474,0.0295,17.769,0.056278,5457.70336,9.65,0.35,10000,222.9
204,140674,0.0293,16.2878,0.061398,5592.68752,9.54,0.46,10000,223.9
205,140874,0.0292,14.7436,0.067827,5783.68795,8.21,1.79,10000,225.1
206,141074,0.029,15.7419,0.063527,6620.829832,8.88,1.12,10000,226.2
207,141274,0.0289,15.0622,0.066399,5333.508264,7.0,3.0,10000,227.3
208,141474,0.0288,15.0003,0.066666,6438.948547,7.91,2.1,10000,228.5
209,141674,0.0286,16.2864,0.061402,5259.826783,9.79,0.2,10000,229.4
210,141874,0.0285,16.1672,0.061855,5095.871369,8.42,1.58,10000,230.4
211,142074,0.0283,15.2705,0.065488,5828.154621,7.92,2.08,10000,231.5
212,142274,0.0282,16.082,0.062183,7624.535912,9.5,0.5,10000,232.6
213,142474,0.028,16.745,0.059721,6604.202984,9.89,0.1,10000,233.7
214,142674,0.0279,14.1638,0.07061,5804.704011,6.58,3.42,10000,234.8
215,142874,0.0278,16.1013,0.062107,5530.555199,8.88,1.12,10000,236.0
216,143074,0.0276,15.2609,0.065528,7173.325665,9.12,0.89,10000,237.2
217,143274,0.0275,13.7754,0.072594,6817.894934,7.77,2.23,10000,238.2
218,143474,0.0274,14.1027,0.070908,5035.913487,6.88,3.12,10000,239.2
219,143674,0.0272,13.87,0.072102,6019.362337,6.72,3.27,10000,240.3
220,143874,0.0271,15.6937,0.06372,6945.457642,8.93,1.07,10000,241.4
221,144074,0.0269,16.0915,0.062151,5762.378699,8.88,1.12,10000,242.4
222,144274,0.0268,15.1841,0.06586,5203.432714,8.12,1.89,10000,243.4
223,144474,0.0267,16.9217,0.059097,5865.088569,9.5,0.5,10000,244.3
224,144674,0.0265,13.9178,0.071855,5415.848488,5.94,4.06,10000,245.3
225,144874,0.0264,14.285,0.070005,4890.91841,7.15,2.85,10000,246.3
226,145074,0.0263,15.1264,0.066112,5259.183715,8.89,1.1,10000,247.4
227,145274,0.0261,15.1752,0.065898,5970.751231,9.15,0.84,10000,248.5
228,145474,0.026,15.0397,0.066491,5108.336005,7.88,2.12,10000,249.6
229,145674,0.0259,15.8353,0.063153,6497.446231,8.09,1.91,10000,250.7
230,145874,0.0258,14.9369,0.066952,5056.143029,7.88,2.12,10000,251.8
231,146074,0.0256,15.6457,0.063927,5300.553887,9.68,0.33,10000,252.7
232,146274,0.0255,15.818,0.063223,6117.298469,8.66,1.34,10000,253.8
233,146474,0.0254,16.137,0.06197,6009.681625,8.85,1.16,10000,254.9
234,146674,0.0252,16.1018,0.062115,6420.261987,9.41,0.58,10000,256.0
235,146874,0.0251,13.3953,0.074653,5428.715492,6.97,3.02,10000,257.1
236,147074,0.025,14.2825,0.070016,5475.76633,7.83,2.17,10000,258.0
237,147274,0.0249,13.3076,0.075147,6366.287838,6.38,3.62,10000,259.0
238,147474,0.0247,15.0753,0.066336,5292.693956,9.82,0.18,10000,259.9
239,147674,0.0246,16.5873,0.060304,5964.36214,9.36,0.65,10000,260.9
240,147874,0.0245,16.0323,0.062375,6854.222776,9.1,0.9,10000,262.1
241,148074,0.0244,16.24,0.061578,6603.029208,9.85,0.15,10000,263.2
242,148274,0.0243,15.1135,0.066169,5999.73301,7.78,2.23,10000,264.3
243,148474,0.0241,15.0805,0.066312,4275.678509,6.91,3.1,10000,265.4
244,148674,0.024,15.2739,0.065474,4609.082063,9.32,0.68,10000,266.6
245,148874,0.0239,16.2347,0.061603,6166.878453,9.9,0.1,10000,267.6
246,149074,0.0238,14.9301,0.066982,6417.034521,6.79,3.21,10000,268.5
247,149274,0.0237,14.7211,0.067934,5610.702983,6.88,3.12,10000,269.5
248,149474,0.0235,14.8597,0.067296,5331.844329,7.92,2.08,10000,270.6
249,149674,0.0234,15.71,0.063657,5353.99705,7.84,2.15,10000,271.6
250,149874,0.0233,17.5603,0.056952,6449.525978,9.87,0.13,10000,272.5
251,150074,0.0232,15.7795,0.063375,7045.270324,9.9,0.1,10000,273.5
252,150274,0.0231,14.6246,0.068378,5221.564731,7.13,2.87,10000,274.4
253,150474,0.0229,16.4051,0.060957,5559.647791,8.88,1.11,10000,275.4
254,150674,0.0228,15.6645,0.063842,6057.568159,9.87,0.14,10000,276.5
255,150874,0.0227,14.9105,0.06707,5880.333638,7.32,2.68,10000,277.6
256,151074,0.0226,14.0472,0.071195,5713.726301,6.4,3.6,10000,278.7
257,151274,0.0225,17.0482,0.058663,5599.9309,9.91,0.09,10000,279.8
258,151474,0.0224,15.3256,0.065252,4367.727665,8.9,1.09,10000,280.9
259,151674,0.0223,16.1622,0.061872,5956.12373,9.79,0.21,10000,282.0
260,151874,0.0222,16.8544,0.059334,6066.656065,9.86,0.14,10000,283.1
261,152074,0.022,14.379,0.06955,6443.632957,7.94,2.06,10000,284.1
262,152274,0.0219,15.4544,0.064718,6484.257678,8.89,1.1,10000,285.0
263,152474,0.0218,15.2515,0.065569,4959.786472,8.31,1.69,10000,286.1
264,152674,0.0217,15.1182,0.066145,5474.112081,7.9,2.1,10000,287.1
265,152874,0.0216,14.7832,0.067646,5186.617307,7.93,2.07,10000,288.0
266,153074,0.0215,14.5072,0.068937,4460.151273,8.54,1.46,10000,288.9
267,153274,0.0214,15.5988,0.064111,5298.956894,7.89,2.1,10000,289.8
268,153474,0.0213,17.0758,0.058563,4345.453323,9.87,0.14,10000,290.9
269,153674,0.0212,14.8666,0.067265,5173.440578,7.93,2.06,10000,292.0
270,153874,0.0211,16.3875,0.061022,5628.351097,8.88,1.12,10000,293.2
271,154074,0.021,14.6831,0.068118,5230.775292,9.41,0.59,10000,294.1
272,154274,0.0209,14.7332,0.06788,6190.381768,6.95,3.05,10000,295.3
273,154474,0.0208,15.5423,0.064344,6460.509335,8.93,1.07,10000,296.3
274,154674,0.0207,14.3373,0.06975,4492.637568,5.93,4.07,10000,297.5
275,154874,0.0206,15.7429,0.063524,3678.709638,7.98,2.02,10000,298.6
276,155074,0.0205,16.3939,0.061,3657.627737,8.99,1.01,10000,299.5
277,155274,0.0203,15.8672,0.063026,4570.685762,8.1,1.9,10000,300.4
278,155474,0.0202,15.6201,0.064026,5097.570924,8.93,1.07,10000,301.3
279,155674,0.0201,15.6643,0.063842,5141.773974,8.94,1.06,10000,302.3
280,155874,0.02,14.9106,0.067067,4744.960503,8.28,1.72,10000,303.2
281,156074,0.0199,16.3786,0.061059,6970.233186,8.9,1.1,10000,304.2
282,156274,0.0198,14.4218,0.069341,5509.546269,7.46,2.54,10000,305.2
283,156474,0.0197,15.8306,0.063169,5466.683452,7.86,2.14,10000,306.4
284,156674,0.0196,14.785,0.067636,4896.532799,8.52,1.48,10000,307.5
285,156874,0.0195,16.682,0.05995,6302.132315,9.69,0.32,10000,308.4
286,157074,0.0195,17.9422,0.055737,5131.674092,9.85,0.15,10000,309.5
287,157274,0.0194,14.666,0.068197,6344.17545,9.03,0.97,10000,310.6
288,157474,0.0193,13.5135,0.074004,5229.8845,5.92,4.08,10000,311.7
289,157674,0.0192,17.6171,0.056765,4709.586974,9.89,0.1,10000,312.8
290,157874,0.0191,15.4251,0.064833,4855.319026,7.47,2.53,10000,313.7
291,158074,0.019,16.4169,0.060913,4702.495163,9.9,0.1,10000,314.7
292,158274,0.0189,14.404,0.069426,5415.026146,5.96,4.04,10000,315.8
293,158474,0.0188,15.2756,0.065467,4898.976575,6.97,3.02,10000,316.9
294,158674,0.0187,15.2456,0.065598,6180.157709,8.95,1.05,10000,317.8
295,158874,0.0186,16.0948,0.062133,6412.434947,8.84,1.17,10000,319.1
296,159074,0.0185,15.4476,0.064738,5877.624726,8.97,1.03,10000,320.2
297,159274,0.0184,17.2888,0.057854,5052.484253,10.0,0.0,10000,321.3
298,159474,0.0183,13.4959,0.074097,4933.897437,7.57,2.44,10000,322.3
299,159674,0.0182,15.1104,0.066181,5806.297348,7.42,2.58,10000,323.3
300,159874,0.0181,15.0918,0.066263,5161.858,7.92,2.08,10000,324.4
301,160074,0.018,14.5801,0.068595,7315.46224,6.91,3.09,10000,325.6
302,160274,0.018,13.9503,0.071686,4968.486673,7.36,2.65,10000,326.6
303,160474,0.0179,13.7923,0.072504,5827.254859,6.96,3.04,10000,327.6
304,160674,0.0178,14.0554,0.071149,7116.27647,6.83,3.17,10000,328.6
305,160874,0.0177,13.6366,0.073333,5542.636195,5.88,4.12,10000,329.7
306,161074,0.0176,16.2585,0.061512,4629.093919,8.91,1.08,10000,330.7
307,161274,0.0175,15.1256,0.066114,5268.093835,8.94,1.06,10000,331.8
308,161474,0.0174,15.3252,0.065253,4345.308415,9.91,0.09,10000,332.9
309,161674,0.0173,15.5731,0.064222,5147.926699,7.82,2.18,10000,334.0
310,161874,0.0172,13.4972,0.074097,4037.423657,4.93,5.07,10000,335.1
311,162074,0.0172,15.8032,0.063282,4950.640638,8.62,1.38,10000,336.1
312,162274,0.0171,15.2265,0.065679,4929.977438,7.84,2.15,10000,337.0
313,162474,0.017,14.7688,0.067714,6352.253767,9.0,1.0,10000,338.2
314,162674,0.0169,14.8966,0.067132,5430.015264,8.9,1.09,10000,339.3
315,162874,0.0168,15.5121,0.064472,5047.881766,7.96,2.04,10000,340.4
316,163074,0.0167,16.9,0.059177,6046.766754,9.66,0.34,10000,341.4
317,163274,0.0167,15.7469,0.063505,4770.461477,8.91,1.09,10000,342.3
318,163474,0.0166,15.4168,0.064865,5232.284797,8.25,1.75,10000,343.4
319,163674,0.0165,16.3536,0.061159,4924.26307,8.88,1.12,10000,344.5
320,163874,0.0164,15.004,0.066651,5172.513375,8.17,1.83,10000,345.7
321,164074,0.0163,14.5452,0.068757,5800.259876,6.91,3.09,10000,347.0
322,164274,0.0162,15.7988,0.063297,5846.153554,8.96,1.04,10000,348.1
323,164474,0.0162,16.1162,0.06205,5698.723334,8.98,1.01,10000,349.3
324,164674,0.0161,17.1793,0.058211,5270.676215,9.97,0.03,10000,350.3
325,164874,0.016,15.9036,0.062881,5293.915378,8.88,1.11,10000,351.5
326,165074,0.0159,15.4971,0.064532,8044.116643,8.98,1.01,10000,352.7
327,165274,0.0158,14.8629,0.067292,5597.515576,7.96,2.04,10000,353.8
328,165474,0.0158,15.5069,0.064495,6117.975345,6.95,3.05,10000,354.9
329,165674,0.0157,14.0844,0.071004,6259.299554,7.26,2.74,10000,356.0
330,165874,0.0156,14.7293,0.067892,5147.888564,7.58,2.42,10000,357.2
331,166074,0.0155,14.715,0.067961,5975.260087,8.89,1.1,10000,358.3
332,166274,0.0154,15.9443,0.062721,5655.263302,7.95,2.06,10000,359.4
333,166474,0.0154,16.1825,0.061795,5309.7817,8.96,1.03,10000,360.4
334,166674,0.0153,15.5941,0.064134,6165.191355,8.53,1.47,10000,361.3
335,166874,0.0152,16.7731,0.05962,4394.136267,9.96,0.04,10000,362.2
336,167074,0.0151,14.8685,0.067272,5458.89501,7.92,2.08,10000,363.2
337,167274,0.0151,14.6999,0.068029,4847.462237,6.35,3.65,10000,364.1
338,167474,0.015,17.3024,0.057802,5224.801991,10.0,0.0,10000,365.1
339,167674,0.0149,14.0805,0.071025,5880.625691,6.7,3.31,10000,366.2
340,167874,0.0148,14.4351,0.069279,5215.192319,8.19,1.81,10000,367.3
341,168074,0.0148,16.1667,0.061861,6138.222984,9.0,1.0,10000,368.5
342,168274,0.0147,14.5393,0.068783,4650.248266,6.99,3.01,10000,369.6
343,168474,0.0146,15.2587,0.065537,6963.932441,8.0,2.0,10000,370.7
344,168674,0.0145,15.0504,0.066455,4876.497212,8.38,1.61,10000,371.7
345,168874,0.0145,15.8675,0.063024,5378.729008,9.94,0.06,10000,372.7
346,169074,0.0144,15.4582,0.064695,5794.92064,8.96,1.04,10000,373.5
347,169274,0.0143,15.0733,0.066343,4937.413412,8.14,1.86,10000,374.5
348,169474,0.0143,15.6577,0.063867,4695.226663,8.96,1.04,10000,375.4
349,169674,0.0142,15.8146,0.063237,5443.065652,8.62,1.38,10000,376.5
350,169874,0.0141,16.2526,0.06153,5085.90707,9.93,0.07,10000,377.5
351,170074,0.014,17.0076,0.058803,5767.532911,9.49,0.51,10000,378.5
352,170274,0.014,14.1056,0.070894,5940.273272,6.1,3.9,10000,379.6
353,170474,0.0139,15.0327,0.066532,4355.920799,8.14,1.85,10000,380.7
354,170674,0.0138,16.4162,0.060919,4102.085547,9.49,0.51,10000,381.8
355,170874,0.0138,17.1838,0.058198,4774.994826,8.97,1.02,10000,382.9
356,171074,0.0137,14.6398,0.068309,6212.002948,7.93,2.06,10000,384.1
357,171274,0.0136,15.1822,0.065867,5176.794644,8.97,1.02,10000,385.2
358,171474,0.0136,15.5413,0.064351,5706.300826,7.98,2.02,10000,386.3
359,171674,0.0135,14.0307,0.071274,5854.00823,7.7,2.31,10000,387.4
360,171874,0.0134,16.3219,0.061269,5787.146823,8.94,1.06,10000,388.5
361,172074,0.0134,15.9028,0.062884,6152.916618,8.44,1.56,10000,389.5
362,172274,0.0133,17.7379,0.05638,4783.603579,10.0,0.0,10000,390.6
363,172474,0.0132,14.1742,0.070551,6643.883236,8.05,1.95,10000,391.6
364,172674,0.0132,15.3722,0.065053,6514.556008,9.88,0.12,10000,392.6
365,172874,0.0131,16.0475,0.062316,7075.827889,9.0,1.0,10000,393.6
366,173074,0.013,15.5554,0.064288,4768.949093,9.57,0.43,10000,394.7
367,173274,0.013,15.5186,0.064439,5922.217552,9.96,0.04,10000,395.8
368,173474,0.0129,15.1062,0.0662,6148.0262,8.93,1.07,10000,396.9
369,173674,0.0128,16.6808,0.059953,7340.603552,9.94,0.07,10000,398.0
370,173874,0.0128,16.9664,0.058941,4428.017683,9.91,0.09,10000,399.0
371,174074,0.0127,15.4609,0.064681,7374.039875,8.97,1.02,10000,400.1
372,174274,0.0126,14.2644,0.070109,5373.921428,8.51,1.49,10000,401.3
373,174474,0.0126,14.509,0.068931,4931.471542,6.96,3.04,10000,402.4
374,174674,0.0125,15.0713,0.066354,5468.932765,8.63,1.37,10000,403.5
375,174874,0.0125,16.7565,0.059681,4975.381513,8.92,1.08,10000,404.6
376,175074,0.0124,15.7184,0.063623,4682.473185,8.98,1.02,10000,405.6
377,175274,0.0123,15.4871,0.064573,5078.627429,8.93,1.07,10000,406.5
378,175474,0.0123,16.4351,0.060855,4411.750532,8.92,1.08,10000,407.5
379,175674,0.0122,15.3029,0.065349,5274.955201,8.98,1.01,10000,408.4
380,175874,0.0121,16.6879,0.059927,5821.985496,9.82,0.18,10000,409.4
381,176074,0.0121,14.6136,0.068433,5259.662346,7.93,2.06,10000,410.5
382,176274,0.012,13.8934,0.071977,4536.159703,5.93,4.07,10000,411.7
383,176474,0.012,15.2487,0.065582,7078.585733,7.91,2.09,10000,412.8
384,176674,0.0119,16.1311,0.061994,5918.402859,8.93,1.07,10000,414.0
385,176874,0.0118,17.1937,0.05817,6322.712933,10.0,0.0,10000,415.1
386,177074,0.0118,14.0938,0.070954,4848.201047,6.46,3.54,10000,416.3
387,177274,0.0117,15.1277,0.066108,6113.628509,7.97,2.02,10000,417.3
388,177474,0.0117,15.302,0.065351,6009.090681,8.92,1.08,10000,418.4
389,177674,0.0116,14.9343,0.066961,5170.194726,8.0,2.0,10000,419.5
390,177874,0.0115,16.5645,0.060371,4865.367703,8.98,1.02,10000,420.4
391,178074,0.0115,15.7926,0.063324,4872.49071,7.97,2.02,10000,421.3
392,178274,0.0114,14.9127,0.067057,6635.267037,8.57,1.43,10000,422.2
393,178474,0.0114,16.6935,0.059908,5356.577725,9.95,0.06,10000,423.1
394,178674,0.0113,14.3524,0.069677,5243.241497,6.46,3.54,10000,424.0
395,178874,0.0113,16.6141,0.06019,4410.157248,8.93,1.07,10000,425.0
396,179074,0.0112,14.6564,0.068236,5866.532768,6.94,3.06,10000,426.2
397,179274,0.0112,16.5065,0.060582,6220.153927,8.98,1.02,10000,427.4
398,179474,0.0111,16.303,0.06134,5465.082288,8.85,1.16,10000,428.7
399,179674,0.011,14.9459,0.066909,4836.876151,7.43,2.57,10000,429.8
400,179874,0.011,15.9607,0.062659,5943.686729,7.93,2.06,10000,431.0
401,180074,0.0109,14.1314,0.070768,5801.428033,7.24,2.77,10000,432.2
402,180274,0.0109,14.9883,0.066723,5478.562842,7.95,2.05,10000,433.3
403,180474,0.0108,16.8382,0.059392,5440.134937,8.95,1.05,10000,434.4
404,180674,0.0108,17.308,0.057779,5851.770562,9.95,0.05,10000,435.5
405,180874,0.0107,15.2073,0.065767,5470.35852,9.96,0.04,10000,436.7
406,181074,0.0107,15.9549,0.062677,4941.662309,9.97,0.03,10000,437.7
407,181274,0.0106,15.8824,0.062963,4929.516511,8.93,1.07,10000,438.8
408,181474,0.0106,15.3821,0.06502,4991.906356,8.99,1.01,10000,439.8
409,181674,0.0105,14.9281,0.06699,5676.460434,8.6,1.41,10000,441.1
410,181874,0.0104,16.0563,0.062282,6047.263741,8.68,1.32,10000,442.3
411,182074,0.0104,15.7775,0.063385,4675.141436,8.95,1.05,10000,443.4
412,182274,0.0103,13.4853,0.07416,6918.756444,7.55,2.44,10000,444.6
413,182474,0.0103,14.3513,0.06968,5012.811199,7.95,2.05,10000,445.8
414,182674,0.0102,14.0219,0.071323,5183.847369,7.47,2.52,10000,446.9
415,182874,0.0102,14.6808,0.068118,5716.052204,8.0,2.0,10000,448.0
416,183074,0.0101,16.3963,0.060997,4702.57398,8.35,1.66,10000,449.0
417,183274,0.0101,15.8448,0.063113,4176.822282,8.63,1.37,10000,450.0
418,183474,0.01,15.1263,0.066111,5149.024745,7.96,2.04,10000,450.9
419,183674,0.01,16.3957,0.060994,3620.273311,8.99,1.01,10000,452.0
420,183874,0.01,15.6097,0.064063,6717.012146,8.0,2.0,10000,453.0
421,184074,0.01,15.1598,0.065967,4040.575105,7.92,2.08,10000,454.1
422,184274,0.01,16.0887,0.062165,5326.947834,9.0,1.0,10000,455.1
423,184474,0.01,16.8498,0.059352,6444.696859,9.62,0.39,10000,456.3
424,184674,0.01,13.2338,0.075565,5533.184788,5.72,4.28,10000,457.4
425,184874,0.01,15.0082,0.066632,5949.459856,8.0,2.0,10000,458.4
426,185074,0.01,15.0839,0.066302,5401.235614,7.91,2.09,10000,459.5
427,185274,0.01,15.9464,0.06271,6457.224647,9.03,0.97,10000,460.6
428,185474,0.01,16.6272,0.060146,6586.462665,8.92,1.08,10000,461.8
429,185674,0.01,14.0776,0.071037,4895.476539,7.29,2.71,10000,463.0
430,185874,0.01,16.0095,0.062464,6046.873867,9.94,0.06,10000,464.1
431,186074,0.01,15.825,0.063195,5959.653885,7.98,2.02,10000,465.1
432,186274,0.01,14.6564,0.068231,5043.103022,9.6,0.41,10000,466.1
433,186474,0.01,15.8824,0.062975,4907.942647,8.97,1.03,10000,467.1
434,186674,0.01,15.417,0.064865,4458.794541,8.93,1.07,10000,468.3
435,186874,0.01,16.8641,0.059301,5588.159183,9.94,0.06,10000,469.4
436,187074,0.01,15.4364,0.064782,4527.565124,9.69,0.31,10000,470.5
437,187274,0.01,15.0419,0.066483,5727.269933,8.98,1.02,10000,471.4
438,187474,0.01,15.5268,0.064406,5725.870543,8.51,1.49,10000,472.5
439,187674,0.01,13.9752,0.071556,4900.237367,6.96,3.04,10000,473.8
440,187874,0.01,15.486,0.064576,5670.896535,8.93,1.07,10000,475.0
441,188074,0.01,15.5956,0.064128,6202.953702,8.96,1.03,10000,476.1
442,188274,0.01,16.2031,0.06172,5856.605532,8.92,1.08,10000,477.4
443,188474,0.01,16.7921,0.059554,6174.4105,8.98,1.02,10000,478.6
444,188674,0.01,16.4871,0.060656,4778.817733,8.96,1.03,10000,479.8
445,188874,0.01,14.9737,0.066791,4095.291142,7.99,2.02,10000,481.0
446,189074,0.01,14.6937,0.068059,5930.397968,7.83,2.17,10000,482.1
447,189274,0.01,15.6592,0.063862,5560.705434,7.08,2.92,10000,483.2
448,189474,0.01,14.6709,0.068166,5772.48801,6.82,3.18,10000,484.2
449,189674,0.01,15.5953,0.064122,4513.965525,8.98,1.01,10000,485.3
450,189874,0.01,16.405,0.060959,5536.873545,8.97,1.03,10000,486.3
451,190074,0.01,15.1515,0.066001,6571.682233,9.0,1.0,10000,487.3
452,190274,0.01,14.7158,0.067956,6083.243469,6.97,3.02,10000,488.3
453,190474,0.01,16.4907,0.060644,5290.1447,8.91,1.08,10000,489.4
454,190674,0.01,14.5697,0.068635,5436.980186,8.41,1.58,10000,490.6
455,190874,0.01,15.3026,0.065349,4881.092675,7.38,2.62,10000,491.7
456,191074,0.01,15.8838,0.062958,5203.16325,9.94,0.07,10000,492.7
457,191274,0.01,16.102,0.062104,5590.288742,8.92,1.08,10000,493.8
458,191474,0.01,15.599,0.064108,6603.853295,8.35,1.65,10000,495.0
459,191674,0.01,15.3345,0.065226,5738.156665,7.93,2.06,10000,496.0
460,191874,0.01,15.6291,0.063984,5317.608429,8.71,1.29,10000,497.0
461,192074,0.01,13.7843,0.072547,4305.643312,6.07,3.94,10000,498.1
462,192274,0.01,14.0264,0.071295,5910.687613,6.92,3.08,10000,499.4
463,192474,0.01,15.367,0.065089,5504.549683,8.53,1.48,10000,500.5
464,192674,0.01,14.9988,0.066676,6431.365179,6.94,3.06,10000,501.6
465,192874,0.01,16.7017,0.059883,5763.152253,9.95,0.05,10000,502.8
466,193074,0.01,15.8275,0.063196,5525.018416,8.98,1.01,10000,503.9
467,193274,0.01,14.3246,0.069818,5589.929215,7.0,3.0,10000,505.4
468,193474,0.01,17.0673,0.058597,4725.81097,9.95,0.06,10000,506.8
469,193674,0.01,16.2026,0.061721,5580.022231,8.91,1.09,10000,508.1
470,193874,0.01,14.1671,0.070591,5813.02453,8.07,1.93,10000,509.4
471,194074,0.01,15.3513,0.065142,5082.521025,8.11,1.9,10000,510.6
472,194274,0.01,14.8258,0.067453,5562.973401,7.12,2.88,10000,511.9
473,194474,0.01,14.631,0.068352,5473.363112,6.99,3.01,10000,513.1
474,194674,0.01,16.7214,0.059813,5970.716762,9.96,0.04,10000,514.2
475,194874,0.01,15.7852,0.063355,6282.717858,8.95,1.05,10000,515.4
476,195074,0.01,14.9697,0.066827,5758.302789,7.93,2.07,10000,516.7
477,195274,0.01,14.7792,0.067677,7482.665278,6.94,3.06,10000,517.8
478,195474,0.01,16.4675,0.060727,5331.545566,8.9,1.09,10000,519.0
479,195674,0.01,15.5475,0.064329,5660.367435,8.89,1.1,10000,520.4
480,195874,0.01,15.9518,0.062697,5727.481593,10.0,0.0,10000,521.6
481,196074,0.01,16.4078,0.06096,4866.073673,9.0,1.0,10000,522.9
482,196274,0.01,14.8122,0.067516,4791.400177,9.16,0.84,10000,524.1
483,196474,0.01,15.7993,0.063301,7185.193279,9.96,0.04,10000,525.3
484,196674,0.01,15.5323,0.064382,5923.864374,8.91,1.09,10000,526.4
485,196874,0.01,16.8393,0.059386,6973.865627,9.91,0.09,10000,527.7
486,197074,0.01,13.8115,0.072404,6020.351475,5.97,4.03,10000,528.9
487,197274,0.01,15.7888,0.06334,6773.848416,9.38,0.61,10000,530.0
488,197474,0.01,16.5012,0.060607,4706.533304,9.97,0.03,10000,531.2
489,197674,0.01,15.4182,0.064865,4781.923048,8.44,1.56,10000,532.4
490,197874,0.01,14.5631,0.068666,5220.977508,8.94,1.06,10000,533.7
491,198074,0.01,17.4116,0.057435,4471.523107,9.88,0.12,10000,535.0
492,198274,0.01,15.5267,0.064407,5524.765303,7.96,2.04,10000,536.2
493,198474,0.01,14.8953,0.067136,5762.379811,7.97,2.03,10000,537.3
494,198674,0.01,16.1203,0.062045,5483.020091,8.91,1.08,10000,538.6
495,198874,0.01,14.8175,0.067488,4587.467789,7.88,2.12,10000,539.8
496,199074,0.01,16.2041,0.061712,5279.663597,9.7,0.3,10000,541.0
497,199274,0.01,15.7771,0.063389,4663.341027,8.9,1.09,10000,542.2
498,199474,0.01,14.9347,0.066961,4867.798897,8.98,1.02,10000,543.4
499,199674,0.01,15.3843,0.065004,5126.198627,8.32,1.68,10000,544.6
500,199874,0.01,15.7434,0.063522,5416.149401,9.71,0.29,10000,545.7
501,200074,0.01,15.788,0.063341,6974.486762,8.91,1.09,10000,546.9
502,200274,0.01,15.5174,0.064451,7166.601046,8.65,1.35,10000,548.1
503,200474,0.01,16.2213,0.061647,5691.487165,9.94,0.07,10000,549.3
504,200674,0.01,15.2758,0.065464,4702.687927,7.96,2.04,10000,550.5
505,200874,0.01,14.0586,0.071136,5720.720852,7.0,3.0,10000,551.7
506,201074,0.01,16.1684,0.061856,6791.302034,9.51,0.49,10000,552.9
507,201274,0.01,15.6541,0.063885,7443.428618,8.93,1.07,10000,554.1
508,201474,0.01,15.5132,0.06447,7311.443728,8.32,1.68,10000,555.3
509,201674,0.01,15.5407,0.064347,6243.833952,9.0,1.0,10000,556.5
510,201874,0.01,15.8073,0.063262,8105.173852,8.98,1.02,10000,557.9
511,202074,0.01,16.9365,0.059063,7673.787054,9.88,0.12,10000,559.2
512,202274,0.01,14.0943,0.070952,6810.680975,7.88,2.12,10000,560.5
513,202474,0.01,15.4176,0.064861,5954.643106,7.93,2.07,10000,561.8
514,202674,0.01,15.5594,0.06427,3636.522052,8.96,1.04,10000,563.0
515,202874,0.01,14.6242,0.068383,6317.169819,7.96,2.04,10000,564.3
516,203074,0.01,14.647,0.068278,6876.102933,9.88,0.12,10000,565.4
517,203274,0.01,17.0946,0.058503,4643.699076,9.95,0.06,10000,566.6
518,203474,0.01,15.8269,0.063185,5008.121119,8.98,1.01,10000,567.8
519,203674,0.01,14.1477,0.070685,5424.629926,6.96,3.04,10000,569.0
520,203874,0.01,16.2323,0.06161,5964.766575,9.94,0.06,10000,570.3
521,204074,0.01,15.3588,0.06511,6432.885321,7.92,2.08,10000,571.5
522,204274,0.01,15.1984,0.065801,6339.145918,8.2,1.8,10000,572.6
523,204474,0.01,14.5273,0.068836,6373.610238,7.74,2.26,10000,573.8
524,204674,0.01,14.3226,0.069826,5325.777337,6.95,3.05,10000,575.0
525,204874,0.01,15.701,0.063692,6181.818323,8.7,1.3,10000,576.2
526,205074,0.01,15.183,0.065865,5494.179282,7.95,2.05,10000,577.4
527,205274,0.01,14.8359,0.067414,6760.122036,8.98,1.01,10000,578.6
528,205474,0.01,13.7524,0.072717,5541.097895,5.97,4.03,10000,579.8
529,205674,0.01,14.5498,0.068739,5586.052525,7.97,2.02,10000,581.0
530,205874,0.01,14.1267,0.070788,6309.762935,6.98,3.02,10000,582.2
531,206074,0.01,15.483,0.06459,5751.221183,7.91,2.09,10000,583.4
532,206274,0.01,17.8104,0.056149,5668.488129,9.98,0.01,10000,584.6
533,206474,0.01,16.275,0.061451,5710.962811,9.98,0.02,10000,585.8
534,206674,0.01,15.619,0.064025,5924.44537,7.94,2.06,10000,587.0
535,206874,0.01,15.3538,0.065131,5460.840346,8.58,1.42,10000,588.2
536,207074,0.01,15.4945,0.064541,5165.313337,9.93,0.07,10000,589.4
537,207274,0.01,17.2546,0.057965,4955.141023,9.91,0.09,10000,590.5
538,207474,0.01,16.6752,0.059973,5660.840464,9.96,0.04,10000,591.7
539,207674,0.01,14.7227,0.067922,5693.507869,8.34,1.67,10000,592.9
540,207874,0.01,15.8319,0.063166,4264.233476,10.0,0.0,10000,594.1
541,208074,0.01,14.8404,0.067385,4797.138507,7.94,2.06,10000,595.3
542,208274,0.01,15.8072,0.063268,5185.61064,8.97,1.03,10000,596.5
543,208474,0.01,15.4479,0.064734,6075.006868,7.95,2.05,10000,597.7
544,208674,0.01,14.4717,0.069101,5385.115188,6.48,3.52,10000,598.8
545,208874,0.01,14.947,0.066904,5443.787792,8.23,1.77,10000,600.0
546,209074,0.01,15.7674,0.063423,5383.052591,7.96,2.04,10000,601.2
547,209274,0.01,16.2531,0.061532,5396.544726,8.21,1.78,10000,602.4
548,209474,0.01,16.0022,0.062492,5791.178262,9.0,1.0,10000,603.6
549,209674,0.01,14.8094,0.067526,6313.543594,8.55,1.45,10000,604.8
550,209874,0.01,17.2368,0.058016,6157.139951,9.0,1.0,10000,606.0
551,210074,0.01,14.7837,0.067645,7347.52529,8.36,1.65,10000,607.2
552,210274,0.01,15.3407,0.065186,7581.699189,7.92,2.08,10000,608.4
553,210474,0.01,15.5233,0.06442,6461.745324,7.95,2.06,10000,609.7
554,210674,0.01,15.0779,0.066325,5658.623298,7.96,2.04,10000,610.8
555,210874,0.01,15.103,0.066217,5745.372088,7.99,2.01,10000,612.0
556,211074,0.01,16.2683,0.061485,6096.792648,8.97,1.02,10000,613.2
557,211274,0.01,15.6228,0.06403,5353.880767,7.88,2.12,10000,614.4
558,211474,0.01,14.9501,0.066889,4935.111451,8.31,1.69,10000,615.6
559,211674,0.01,16.3017,0.061345,5590.119325,8.96,1.03,10000,616.8
560,211874,0.01,15.0714,0.066361,5794.186233,8.0,2.0,10000,618.1
561,212074,0.01,16.336,0.061216,4940.179287,9.25,0.75,10000,619.3
562,212274,0.01,15.1253,0.066117,5509.088017,7.38,2.62,10000,620.6
563,212474,0.01,14.6007,0.068491,5023.22339,7.92,2.08,10000,621.9
564,212674,0.01,15.8288,0.063177,5408.609425,9.58,0.42,10000,623.1
565,212874,0.01,15.9056,0.062873,6370.349149,9.0,1.0,10000,624.3
566,213074,0.01,14.3508,0.069685,4718.612752,7.43,2.56,10000,625.5
567,213274,0.01,15.9674,0.06263,4912.98721,7.97,2.02,10000,626.6
568,213474,0.01,15.7616,0.063448,5531.733044,7.97,2.02,10000,627.8
569,213674,0.01,15.9819,0.062584,5223.834248,8.91,1.08,10000,628.9
570,213874,0.01,15.8568,0.063068,6092.246544,8.96,1.04,10000,630.1
571,214074,0.01,16.0535,0.062293,6411.375398,8.96,1.04,10000,631.2
572,214274,0.01,14.8778,0.067214,5678.569141,7.97,2.02,10000,632.3
573,214474,0.01,16.2066,0.061709,5820.141443,9.98,0.02,10000,633.5
574,214674,0.01,16.7442,0.059725,5868.239244,9.06,0.94,10000,634.6
575,214874,0.01,16.4638,0.06074,4713.614504,8.97,1.02,10000,635.8
576,215074,0.01,16.851,0.059349,4681.646583,9.9,0.1,10000,637.0
577,215274,0.01,15.9697,0.062623,4437.766752,8.98,1.01,10000,638.1
578,215474,0.01,14.4705,0.069107,5095.500807,6.28,3.73,10000,639.3
579,215674,0.01,14.4478,0.069218,4098.392011,7.91,2.1,10000,640.5
580,215874,0.01,14.9955,0.06669,6260.403626,7.95,2.05,10000,641.6
581,216074,0.01,16.4462,0.060808,4419.996745,8.9,1.09,10000,642.8
582,216274,0.01,14.7718,0.0677,4208.084106,7.99,2.01,10000,644.0
583,216474,0.01,15.9892,0.062544,5371.998589,9.44,0.56,10000,645.2
584,216674,0.01,15.1573,0.065977,4773.894798,7.29,2.71,10000,646.3
585,216874,0.01,16.2618,0.061505,5020.775508,9.95,0.05,10000,647.5
586,217074,0.01,12.909,0.077465,4921.929673,4.95,5.05,10000,648.7
587,217274,0.01,13.884,0.072026,6930.035857,6.95,3.05,10000,649.8
588,217474,0.01,16.117,0.062048,4900.178505,8.96,1.04,10000,651.0
589,217674,0.01,15.1774,0.065893,4700.802091,8.9,1.09,10000,652.1
590,217874,0.01,15.1173,0.066151,4391.83507,8.95,1.05,10000,653.3
591,218074,0.01,16.7576,0.059689,5407.647279,9.95,0.06,10000,654.5
592,218274,0.01,15.2747,0.065469,4677.3054,8.31,1.69,10000,655.9
593,218474,0.01,15.3779,0.065032,6135.146161,7.96,2.04,10000,657.1
594,218674,0.01,14.8793,0.067208,6239.930126,6.96,3.04,10000,658.2
595,218874,0.01,15.8188,0.063216,5441.127121,9.24,0.76,10000,659.4
596,219074,0.01,15.5892,0.064149,5302.750881,9.15,0.84,10000,660.5
597,219274,0.01,16.1445,0.061943,4405.323413,8.94,1.06,10000,661.6
598,219474,0.01,16.3628,0.061115,4578.071646,8.52,1.49,10000,662.7
599,219674,0.01,16.3813,0.061058,5685.147106,9.97,0.03,10000,663.8
600,219874,0.01,16.1778,0.061825,5326.51424,8.95,1.05,10000,664.9
601,220074,0.01,15.611,0.064058,6951.068957,9.71,0.29,10000,666.0
602,220274,0.01,16.535,0.060483,4802.957117,8.99,1.01,10000,667.2
603,220474,0.01,14.4556,0.069183,6200.096902,6.94,3.06,10000,668.3
604,220674,0.01,14.2387,0.070235,6155.511118,7.22,2.77,10000,669.4
605,220874,0.01,14.37,0.06959,6074.746111,6.96,3.04,10000,670.6
606,221074,0.01,15.2234,0.06569,7055.465324,8.88,1.12,10000,671.7
607,221274,0.01,15.1809,0.065874,6880.101333,8.0,2.0,10000,672.8
608,221474,0.01,14.082,0.071015,7506.000981,7.09,2.9,10000,674.0
609,221674,0.01,15.1834,0.065863,5947.884274,6.97,3.02,10000,675.1
610,221874,0.01,14.7678,0.067723,5702.397961,8.04,1.96,10000,676.3
611,222074,0.01,14.7962,0.067586,5756.195284,7.96,2.04,10000,677.5
612,222274,0.01,15.1242,0.066122,5352.230142,7.53,2.48,10000,678.9
613,222474,0.01,15.5084,0.064488,6004.818503,7.96,2.04,10000,680.2
614,222674,0.01,16.8818,0.059237,4934.231283,8.97,1.02,10000,681.4
615,222874,0.01,15.1384,0.066071,5483.77451,7.78,2.23,10000,682.7
616,223074,0.01,14.9811,0.066751,6146.347296,7.84,2.16,10000,683.8
617,223274,0.01,14.1197,0.070826,4971.855255,6.96,3.04,10000,684.9
618,223474,0.01,15.1053,0.066213,5993.246073,7.96,2.04,10000,686.0
619,223674,0.01,16.4055,0.060958,6323.507661,8.63,1.37,10000,687.1
620,223874,0.01,15.2736,0.065476,5822.318241,8.9,1.1,10000,688.3
621,224074,0.01,14.987,0.066726,5216.522967,8.81,1.19,10000,689.6
622,224274,0.01,15.0288,0.066539,5712.021088,8.93,1.07,10000,690.8
623,224474,0.01,16.4221,0.060899,5343.59843,9.83,0.17,10000,692.0
624,224674,0.01,15.6626,0.063847,5548.979456,8.0,2.0,10000,693.3
625,224874,0.01,15.0214,0.066575,6375.133646,7.92,2.08,10000,694.4
626,225074,0.01,15.2644,0.065513,6361.707444,8.97,1.02,10000,695.6
627,225274,0.01,15.4794,0.064607,4349.078577,9.54,0.47,10000,696.8
628,225474,0.01,15.7509,0.063498,4955.380515,9.54,0.47,10000,698.0
629,225674,0.01,16.8882,0.059228,5773.112722,9.48,0.52,10000,699.2
630,225874,0.01,14.7958,0.067587,5355.71338,8.36,1.65,10000,700.3
631,226074,0.01,16.9089,0.059143,4372.766923,9.98,0.01,10000,701.5
632,226274,0.01,16.5368,0.060474,5488.721589,8.92,1.08,10000,702.5
633,226474,0.01,15.9327,0.062764,6011.547921,8.96,1.04,10000,703.5
634,226674,0.01,15.7997,0.063294,6116.339357,9.92,0.08,10000,704.5
635,226874,0.01,15.4735,0.064628,5454.275989,8.77,1.24,10000,705.7
636,227074,0.01,16.768,0.059654,5746.706506,9.95,0.06,10000,706.9
637,227274,0.01,16.2097,0.061693,7257.793739,8.97,1.03,10000,708.0
638,227474,0.01,15.1827,0.065872,4982.11166,6.96,3.04,10000,709.3
639,227674,0.01,15.0689,0.066362,5400.376719,7.37,2.63,10000,710.5
640,227874,0.01,16.4203,0.060902,5049.332949,9.94,0.06,10000,711.7
641,228074,0.01,15.3586,0.065119,4996.033129,9.0,1.0,10000,712.9
642,228274,0.01,14.5597,0.068683,6199.372708,6.71,3.29,10000,714.1
643,228474,0.01,13.9625,0.071623,5689.766056,6.96,3.04,10000,715.2
644,228674,0.01,14.6574,0.068232,6008.883101,7.96,2.04,10000,716.4
645,228874,0.01,16.9739,0.058916,5512.494573,9.96,0.04,10000,717.7
646,229074,0.01,16.0914,0.062149,5118.038067,9.95,0.05,10000,718.9
647,229274,0.01,14.6347,0.068332,6377.778872,8.96,1.03,10000,720.1
648,229474,0.01,16.4535,0.060778,4181.958909,8.86,1.14,10000,721.2
649,229674,0.01,14.8527,0.06733,4867.305668,8.0,2.0,10000,722.3
650,229874,0.01,13.8403,0.072258,5683.079515,6.99,3.01,10000,723.4
651,230074,0.01,15.9325,0.062769,5084.161854,7.88,2.12,10000,724.3
652,230274,0.01,15.3929,0.064974,5382.416914,8.03,1.98,10000,725.2
653,230474,0.01,16.2436,0.061565,4422.990172,9.94,0.06,10000,726.1
654,230674,0.01,13.1587,0.075996,5920.759683,5.95,4.05,10000,727.1
655,230874,0.01,16.2698,0.061464,5957.439458,9.0,1.0,10000,728.1
656,231074,0.01,16.0009,0.062498,5097.874491,8.25,1.75,10000,729.1
657,231274,0.01,16.58,0.060317,5411.751296,9.96,0.04,10000,730.2
658,231474,0.01,13.7098,0.072947,5590.107051,6.02,3.98,10000,731.3
659,231674,0.01,15.6155,0.064041,6312.493382,9.95,0.06,10000,732.4
660,231874,0.01,15.4042,0.064919,4875.281836,8.67,1.33,10000,733.6
661,232074,0.01,14.5387,0.068794,6163.185533,7.96,2.04,10000,734.8
662,232274,0.01,15.6353,0.063961,6589.251453,8.79,1.22,10000,736.1
663,232474,0.01,15.209,0.065756,5504.620185,8.95,1.05,10000,737.2
664,232674,0.01,15.8114,0.063251,5511.928394,8.49,1.51,10000,738.5
665,232874,0.01,15.3849,0.065003,8692.015556,9.15,0.84,10000,739.8
666,233074,0.01,16.8354,0.0594,7094.600567,8.96,1.04,10000,740.9
667,233274,0.01,15.2388,0.065622,7941.90974,8.26,1.75,10000,742.0
668,233474,0.01,16.9711,0.058932,4177.704136,9.21,0.79,10000,743.0
669,233674,0.01,15.365,0.065083,6261.260088,8.0,2.0,10000,744.0
670,233874,0.01,15.2858,0.065421,5500.424619,8.0,2.0,10000,745.2
671,234074,0.01,15.9749,0.0626,5359.489063,8.87,1.14,10000,746.5
672,234274,0.01,14.9469,0.066907,6281.789715,7.0,3.0,10000,747.7
673,234474,0.01,13.9854,0.071506,5512.596537,5.98,4.02,10000,749.3
674,234674,0.01,15.4713,0.064638,6200.097352,8.98,1.01,10000,750.4
675,234874,0.01,16.1108,0.062071,5436.140962,9.88,0.12,10000,751.4
676,235074,0.01,15.5737,0.064212,5728.82318,8.63,1.37,10000,752.4
677,235274,0.01,15.7223,0.063607,5691.259428,8.66,1.33,10000,753.6
678,235474,0.01,14.5866,0.068557,4821.524679,7.97,2.03,10000,754.7
679,235674,0.01,14.4018,0.069438,4545.165736,7.67,2.33,10000,756.1
680,235874,0.01,17.4289,0.057381,4721.270461,9.98,0.02,10000,757.4
681,236074,0.01,17.49,0.057176,5213.463407,10.0,0.0,10000,758.8
682,236274,0.01,13.5773,0.073656,6398.11749,6.78,3.22,10000,760.0
683,236474,0.01,16.6402,0.0601,5469.406608,9.96,0.04,10000,761.2
684,236674,0.01,14.6468,0.068289,6148.291876,8.38,1.61,10000,762.5
685,236874,0.01,15.1321,0.066086,5088.570547,7.71,2.29,10000,763.8
686,237074,0.01,15.8639,0.063037,5905.327617,9.96,0.04,10000,765.0
687,237274,0.01,15.3236,0.065261,5718.132237,8.96,1.03,10000,766.2
688,237474,0.01,15.3348,0.065215,5344.889827,7.39,2.6,10000,767.5
689,237674,0.01,17.1263,0.058394,6800.218868,8.99,1.01,10000,768.6
690,237874,0.01,15.239,0.065627,5867.75143,7.67,2.33,10000,769.7
691,238074,0.01,14.9692,0.066804,5754.582676,8.32,1.68,10000,770.9
692,238274,0.01,15.5867,0.064166,5348.183836,8.0,2.0,10000,772.1
693,238474,0.01,16.0472,0.062321,5316.928478,9.96,0.04,10000,773.5
694,238674,0.01,15.5605,0.06427,5723.603028,6.94,3.06,10000,774.9
695,238874,0.01,15.6456,0.06392,5208.597176,8.0,2.0,10000,776.4
696,239074,0.01,15.3521,0.065138,5203.666607,8.35,1.66,10000,777.5
697,239274,0.01,14.4953,0.068992,5704.777249,6.93,3.06,10000,778.7
698,239474,0.01,15.3401,0.065196,4791.917935,8.96,1.03,10000,780.0
699,239674,0.01,17.1271,0.058398,5714.585971,9.89,0.11,10000,781.4
700,239874,0.01,16.3955,0.060994,6167.453307,8.91,1.08,10000,782.9
701,240074,0.01,14.8114,0.067522,5102.407112,8.34,1.66,10000,784.3
702,240274,0.01,15.1252,0.066115,6001.362419,8.31,1.69,10000,785.6
703,240474,0.01,15.0725,0.066349,4717.430241,8.71,1.29,10000,786.9
704,240674,0.01,15.5107,0.064474,4062.989452,8.97,1.03,10000,788.2
705,240874,0.01,15.5578,0.064282,4437.176212,8.55,1.45,10000,789.3
706,241074,0.01,14.6067,0.068464,6010.650032,7.24,2.77,10000,790.6
707,241274,0.01,14.7359,0.067861,6439.307249,6.53,3.48,10000,791.9
708,241474,0.01,15.2927,0.065414,5089.75307,8.55,1.45,10000,793.2
709,241674,0.01,15.5024,0.064509,5194.108643,8.0,2.0,10000,794.3
710,241874,0.01,16.5806,0.060312,6297.716997,9.9,0.1,10000,795.5
711,242074,0.01,14.0131,0.071362,5879.985247,6.07,3.94,10000,796.6
712,242274,0.01,15.0098,0.066625,5238.581306,7.46,2.54,10000,797.7
713,242474,0.01,14.7689,0.067718,6058.377465,7.97,2.03,10000,799.0
714,242674,0.01,15.9984,0.062508,5339.814233,8.95,1.05,10000,800.4
715,242874,0.01,15.3594,0.065108,5832.237266,6.95,3.05,10000,801.7
716,243074,0.01,15.5041,0.064502,5388.73087,8.95,1.05,10000,803.0
717,243274,0.01,14.7317,0.067882,6124.487287,8.48,1.51,10000,804.3
718,243474,0.01,16.3049,0.061336,4810.363395,8.95,1.05,10000,805.5
719,243674,0.01,16.0936,0.06214,6456.072711,9.95,0.06,10000,806.7
720,243874,0.01,14.4451,0.069228,5698.427355,6.08,3.92,10000,807.9
721,244074,0.01,16.0372,0.062359,6000.605383,9.6,0.4,10000,809.1
722,244274,0.01,15.5114,0.064478,5569.412593,9.93,0.07,10000,810.3
723,244474,0.01,15.7822,0.063365,6131.70205,8.97,1.02,10000,811.5
724,244674,0.01,15.9167,0.062833,6848.112576,8.95,1.05,10000,812.7
725,244874,0.01,15.2226,0.065693,4655.984638,6.97,3.02,10000,813.9
726,245074,0.01,14.2279,0.070284,5475.079891,5.98,4.02,10000,815.0
727,245274,0.01,15.2849,0.065424,6088.406406,8.98,1.02,10000,816.2
728,245474,0.01,14.4692,0.069121,4954.591242,6.81,3.19,10000,817.3
729,245674,0.01,15.369,0.065069,4746.101547,9.34,0.67,10000,818.4
730,245874,0.01,14.2655,0.070109,4512.166696,6.96,3.04,10000,819.6
731,246074,0.01,14.9859,0.066731,5236.153658,7.67,2.33,10000,820.7
732,246274,0.01,16.5661,0.060365,3838.814948,9.97,0.03,10000,821.8
733,246474,0.01,16.6654,0.060008,6403.209299,8.96,1.04,10000,822.9
734,246674,0.01,16.1139,0.06206,6248.201006,9.0,1.0,10000,824.0
735,246874,0.01,15.4676,0.064654,5485.617265,8.97,1.03,10000,825.2
736,247074,0.01,14.8546,0.067332,6173.260848,8.9,1.09,10000,826.4
737,247274,0.01,16.4312,0.060869,5328.005416,10.0,0.0,10000,827.5
738,247474,0.01,15.4323,0.064799,5297.268848,7.91,2.1,10000,828.6
739,247674,0.01,15.28,0.065447,6745.223782,7.95,2.05,10000,829.8
740,247874,0.01,16.6487,0.060068,5801.292073,8.93,1.07,10000,831.0
741,248074,0.01,15.597,0.064117,4916.874007,9.67,0.33,10000,832.1
742,248274,0.01,15.3963,0.064953,5892.237177,8.56,1.44,10000,833.3
743,248474,0.01,17.7532,0.056334,5846.840389,9.97,0.03,10000,834.4
744,248674,0.01,16.5977,0.060255,5335.596371,8.99,1.01,10000,835.5
745,248874,0.01,16.1461,0.061936,4869.655497,8.79,1.21,10000,836.7
746,249074,0.01,13.8859,0.072018,4410.73839,7.0,3.0,10000,837.9
747,249274,0.01,15.9792,0.062584,4663.968678,8.86,1.14,10000,839.1
748,249474,0.01,13.6571,0.073222,5356.170361,6.46,3.54,10000,840.3
749,249674,0.01,15.038,0.066498,5244.370803,9.46,0.54,10000,841.5
750,249874,0.01,14.5758,0.068613,5509.652478,6.92,3.08,10000,842.6
751,250074,0.01,17.4461,0.057327,6022.954392,8.95,1.05,10000,843.8
752,250274,0.01,15.9287,0.062784,6475.464539,9.85,0.15,10000,844.9
753,250474,0.01,16.4993,0.060615,6243.2597,7.92,2.08,10000,846.1
754,250674,0.01,16.3524,0.061155,4754.84505,9.94,0.07,10000,847.3
755,250874,0.01,14.3135,0.069864,6522.258823,7.96,2.04,10000,848.4
756,251074,0.01,16.1255,0.062015,4758.386246,9.62,0.39,10000,849.4
757,251274,0.01,16.26,0.061504,5064.95721,9.91,0.09,10000,850.6
758,251474,0.01,17.0929,0.058508,5371.449456,8.97,1.03,10000,851.7
759,251674,0.01,14.5686,0.068653,5366.115611,7.2,2.81,10000,852.8
760,251874,0.01,17.1643,0.058261,4761.812806,9.95,0.06,10000,854.0
761,252074,0.01,15.9034,0.06288,5140.316366,8.97,1.02,10000,855.1
762,252274,0.01,16.679,0.059957,5005.175886,9.88,0.12,10000,856.3
763,252474,0.01,14.5947,0.068524,6039.891246,8.77,1.24,10000,857.5
764,252674,0.01,15.3005,0.065361,7282.162046,8.0,2.0,10000,858.6
765,252874,0.01,14.8908,0.067156,5738.139479,8.1,1.91,10000,859.7
766,253074,0.01,14.2666,0.070094,4815.143062,6.78,3.22,10000,860.9
767,253274,0.01,16.7522,0.0597,6101.479247,9.97,0.03,10000,862.0
768,253474,0.01,17.5588,0.05696,5956.680442,9.85,0.15,10000,863.2
769,253674,0.01,16.0456,0.062323,5615.817963,8.96,1.03,10000,864.3
770,253874,0.01,15.1026,0.066218,4398.887785,8.15,1.85,10000,865.4
771,254074,0.01,16.3239,0.061263,4851.893889,8.97,1.03,10000,866.6
772,254274,0.01,15.2685,0.065501,4861.290927,7.93,2.06,10000,867.8
773,254474,0.01,15.855,0.063082,4946.484185,7.96,2.04,10000,868.9
774,254674,0.01,14.2478,0.070195,4860.816282,6.96,3.04,10000,870.0
775,254874,0.01,15.0844,0.066297,4923.038537,6.96,3.04,10000,871.1
776,255074,0.01,14.6652,0.068194,6640.438132,7.96,2.04,10000,872.3
777,255274,0.01,15.0098,0.066623,5541.476653,7.85,2.15,10000,873.4
778,255474,0.01,15.324,0.065262,5687.938816,8.62,1.38,10000,874.6
779,255674,0.01,16.7592,0.059687,5218.423728,9.95,0.06,10000,875.7
780,255874,0.01,16.5633,0.060376,6659.200555,9.91,0.09,10000,876.8
781,256074,0.01,15.6039,0.064088,6437.319239,9.0,1.0,10000,878.0
782,256274,0.01,15.5274,0.06441,6417.226959,8.94,1.06,10000,879.1
783,256474,0.01,16.0092,0.062465,6589.577006,8.91,1.09,10000,880.3
784,256674,0.01,15.1984,0.06581,8508.866288,7.54,2.46,10000,881.4
785,256874,0.01,15.7437,0.06352,7213.199428,8.0,2.0,10000,882.5
786,257074,0.01,16.0869,0.062165,6369.561454,9.98,0.02,10000,883.6
787,257274,0.01,16.3405,0.061198,5456.482313,8.93,1.07,10000,884.8
788,257474,0.01,17.0101,0.058794,5272.894493,8.94,1.06,10000,886.0
789,257674,0.01,15.9129,0.062849,5782.796616,8.93,1.07,10000,887.1
790,257874,0.01,15.9522,0.062688,5816.508415,8.93,1.07,10000,888.2
791,258074,0.01,14.612,0.068442,6360.169679,8.92,1.08,10000,889.3
792,258274,0.01,15.1986,0.065809,6575.000392,6.99,3.02,10000,890.4
793,258474,0.01,15.6806,0.063787,7235.239634,9.91,0.09,10000,891.5
794,258674,0.01,16.6083,0.060219,6039.241147,8.96,1.04,10000,892.6
795,258874,0.01,15.0634,0.066388,7104.015425,8.97,1.02,10000,893.7
796,259074,0.01,14.2746,0.070055,4790.812898,8.4,1.59,10000,894.9
797,259274,0.01,15.0768,0.066329,4782.845578,8.66,1.33,10000,896.0
798,259474,0.01,15.1266,0.066108,4727.586002,7.54,2.46,10000,897.1
799,259674,0.01,15.032,0.066529,5151.346609,8.95,1.05,10000,898.3
800,259874,0.01,14.9231,0.06701,4844.358161,7.83,2.17,10000,899.6
801,260074,0.01,17.2135,0.058097,5532.915701,9.89,0.11,10000,900.9
802,260274,0.01,13.9241,0.071822,5949.376399,6.36,3.64,10000,902.1
803,260474,0.01,14.2335,0.070273,4830.887126,6.61,3.39,10000,903.4
804,260674,0.01,15.307,0.065331,6922.226112,7.97,2.02,10000,904.6
805,260874,0.01,15.6503,0.0639,6020.729056,9.62,0.39,10000,905.7
806,261074,0.01,16.7632,0.059654,6432.803503,9.94,0.07,10000,906.8
807,261274,0.01,15.4173,0.064862,5112.768598,8.98,1.02,10000,908.0
808,261474,0.01,13.7697,0.072624,6995.092916,6.45,3.55,10000,909.2
809,261674,0.01,14.8071,0.067536,6283.71058,7.89,2.11,10000,910.3
810,261874,0.01,14.2876,0.06999,5163.950979,7.58,2.42,10000,911.4
811,262074,0.01,16.047,0.062323,5984.830923,7.99,2.02,10000,912.5
812,262274,0.01,13.7698,0.072624,5556.69332,6.43,3.57,10000,913.7
813,262474,0.01,15.5992,0.064112,5938.941972,8.93,1.07,10000,914.8
814,262674,0.01,13.8833,0.072031,5823.092631,5.97,4.03,10000,916.0
815,262874,0.01,16.2999,0.061353,4979.639006,8.97,1.03,10000,917.1
816,263074,0.01,17.5134,0.057103,6179.613381,9.92,0.08,10000,918.2
817,263274,0.01,17.2346,0.058025,6738.748323,9.93,0.07,10000,919.3
818,263474,0.01,14.6746,0.068147,5962.573199,8.38,1.61,10000,920.5
819,263674,0.01,15.328,0.065244,6667.200578,8.55,1.45,10000,921.6
820,263874,0.01,15.7034,0.063682,6821.385717,8.97,1.02,10000,922.7
821,264074,0.01,15.1367,0.066069,5991.666312,7.98,2.02,10000,923.9
822,264274,0.01,16.3509,0.061159,5921.086511,9.96,0.04,10000,925.0
823,264474,0.01,15.3819,0.065012,6412.92969,9.29,0.71,10000,926.2
824,264674,0.01,15.3455,0.06518,5639.155417,8.52,1.49,10000,927.3
825,264874,0.01,15.4741,0.064625,5747.288904,8.95,1.05,10000,928.5
826,265074,0.01,14.3371,0.069751,5005.154553,7.95,2.06,10000,929.7
827,265274,0.01,15.1645,0.065948,6133.957923,6.93,3.07,10000,930.9
828,265474,0.01,13.8653,0.072125,5739.596575,6.71,3.29,10000,932.0
829,265674,0.01,15.3276,0.065252,6707.68013,8.45,1.55,10000,933.1
830,265874,0.01,15.0659,0.066381,5960.501947,7.96,2.04,10000,934.2
831,266074,0.01,14.3692,0.069596,5258.048307,6.54,3.46,10000,935.4
832,266274,0.01,14.7409,0.067841,7077.294954,7.25,2.75,10000,936.5
833,266474,0.01,17.3093,0.057774,7221.635302,9.97,0.03,10000,937.7
834,266674,0.01,14.8886,0.067169,5050.449618,8.02,1.98,10000,938.8
835,266874,0.01,14.7417,0.067838,5848.727925,6.96,3.04,10000,939.9
836,267074,0.01,16.725,0.059794,6193.13067,9.45,0.56,10000,941.1
837,267274,0.01,14.7054,0.068009,6158.821534,8.0,2.0,10000,942.2
838,267474,0.01,15.1854,0.065856,6412.524814,8.98,1.02,10000,943.3
839,267674,0.01,14.702,0.068019,4756.23015,7.24,2.77,10000,944.4
840,267874,0.01,14.8942,0.067143,6755.545237,7.91,2.09,10000,945.6
841,268074,0.01,15.4412,0.064772,4060.183584,8.99,1.01,10000,946.6
842,268274,0.01,14.3746,0.069569,7227.603884,6.96,3.04,10000,947.8
843,268474,0.01,15.9189,0.062819,6116.684244,8.48,1.51,10000,948.9
844,268674,0.01,15.2812,0.065448,6676.941356,8.96,1.04,10000,950.0
845,268874,0.01,16.3052,0.061332,5018.33521,9.95,0.06,10000,951.2
846,269074,0.01,13.6774,0.073113,6266.296816,6.8,3.19,10000,952.3
847,269274,0.01,13.2166,0.075662,4575.343998,6.48,3.52,10000,953.5
848,269474,0.01,15.0855,0.066289,5750.945334,7.99,2.02,10000,954.7
849,269674,0.01,16.1225,0.062043,5135.082376,9.62,0.38,10000,955.8
850,269874,0.01,16.4453,0.060815,7657.46643,8.99,1.01,10000,957.0
851,270074,0.01,15.6726,0.063814,6760.148635,9.12,0.88,10000,958.1
852,270274,0.01,13.5808,0.073634,7221.012973,6.93,3.07,10000,959.3
853,270474,0.01,16.3419,0.061208,5432.016043,9.96,0.04,10000,960.5
854,270674,0.01,16.2142,0.061674,6192.497499,8.88,1.12,10000,961.5
855,270874,0.01,15.7551,0.06348,6646.413392,8.05,1.95,10000,962.7
856,271074,0.01,15.0179,0.066588,6658.747001,7.97,2.03,10000,963.8
857,271274,0.01,15.6239,0.064007,6651.148915,7.95,2.05,10000,964.9
858,271474,0.01,15.7816,0.06337,5979.257779,10.0,0.0,10000,966.1
859,271674,0.01,15.2627,0.065525,7423.319351,7.39,2.6,10000,967.2
860,271874,0.01,15.0379,0.066499,8304.719175,7.95,2.05,10000,968.4
861,272074,0.01,16.2157,0.061683,6070.71878,9.88,0.12,10000,969.5
862,272274,0.01,12.565,0.079587,6720.209038,4.32,5.68,10000,970.7
863,272474,0.01,16.3626,0.061124,5866.752001,9.95,0.06,10000,971.8
864,272674,0.01,13.0222,0.0768,7026.424527,4.99,5.01,10000,973.0
865,272874,0.01,14.8788,0.067214,6193.22614,7.33,2.67,10000,974.1
866,273074,0.01,15.3916,0.06497,6172.08854,7.5,2.5,10000,975.2
867,273274,0.01,15.6886,0.063748,7331.128173,7.66,2.34,10000,976.4
868,273474,0.01,15.9882,0.06255,5723.07372,8.92,1.08,10000,977.5
869,273674,0.01,15.7512,0.063491,4948.133908,8.54,1.46,10000,978.8
870,273874,0.01,16.9292,0.059078,6108.682674,9.94,0.06,10000,980.0
871,274074,0.01,14.3112,0.069877,7665.036476,6.97,3.03,10000,981.1
872,274274,0.01,15.898,0.062911,6262.515921,10.0,0.0,10000,982.2
873,274474,0.01,16.2292,0.061618,6992.571243,8.95,1.05,10000,983.4
874,274674,0.01,14.8552,0.067323,6878.027822,7.53,2.48,10000,984.6
875,274874,0.01,15.8864,0.062955,8023.447474,8.96,1.04,10000,985.8
876,275074,0.01,14.3646,0.06962,6837.004304,8.46,1.53,10000,986.9
877,275274,0.01,17.7138,0.056459,7178.718468,9.87,0.13,10000,988.1
878,275474,0.01,15.4631,0.064676,5369.203306,6.96,3.04,10000,989.2
879,275674,0.01,15.6121,0.064055,7405.888431,8.96,1.03,10000,990.3
880,275874,0.01,15.4835,0.06459,5945.226173,8.88,1.11,10000,991.5
881,276074,0.01,15.3045,0.065344,6513.831897,8.88,1.11,10000,992.7
882,276274,0.01,15.4891,0.064563,8816.947483,7.95,2.06,10000,993.8
883,276474,0.01,15.2307,0.065658,7941.745864,9.0,1.0,10000,994.9
884,276674,0.01,16.1861,0.061788,5999.930303,9.98,0.02,10000,996.0
885,276874,0.01,14.4155,0.06937,6254.465491,5.99,4.01,10000,997.2
886,277074,0.01,14.772,0.067698,6679.199294,8.26,1.75,10000,998.4
887,277274,0.01,16.4712,0.060717,6502.747632,9.96,0.04,10000,999.5
888,277474,0.01,15.9085,0.062863,6895.106043,7.96,2.04,10000,1000.7
889,277674,0.01,15.6123,0.064057,5357.175525,8.98,1.02,10000,1001.9
890,277874,0.01,15.4711,0.06464,9404.371498,8.92,1.08,10000,1002.9
891,278074,0.01,15.8973,0.062912,6874.553329,8.95,1.05,10000,1004.2
892,278274,0.01,16.1329,0.061988,8310.697472,8.97,1.02,10000,1005.4
893,278474,0.01,14.8495,0.067343,7001.677026,9.0,1.0,10000,1006.8
894,278674,0.01,18.0919,0.05528,6932.841288,9.95,0.06,10000,1008.0
895,278874,0.01,15.8486,0.063099,7149.629635,9.93,0.07,10000,1009.2
896,279074,0.01,15.6992,0.063708,7522.178158,8.96,1.04,10000,1010.5
897,279274,0.01,16.1225,0.062026,8328.44827,9.96,0.04,10000,1011.8
898,279474,0.01,16.9909,0.058864,6348.392436,8.9,1.1,10000,1013.1
899,279674,0.01,14.7665,0.067724,10460.783199,7.95,2.06,10000,1014.4
900,279874,0.01,14.58,0.06859,7888.313897,6.97,3.02,10000,1015.5
901,280074,0.01,15.8032,0.063284,6269.922244,8.94,1.06,10000,1016.6
902,280274,0.01,15.5326,0.064382,7647.177776,8.95,1.05,10000,1017.9
903,280474,0.01,15.3649,0.065088,7300.666589,7.0,3.0,10000,1019.0
904,280674,0.01,14.3262,0.069804,8129.522664,6.97,3.02,10000,1020.3
905,280874,0.01,15.5754,0.064209,7721.361212,8.26,1.75,10000,1021.4
906,281074,0.01,16.2245,0.061639,5464.116333,10.0,0.0,10000,1022.6
907,281274,0.01,15.8489,0.063096,8029.130414,8.98,1.01,10000,1023.8
908,281474,0.01,17.1582,0.058283,6143.091555,9.91,0.09,10000,1025.0
909,281674,0.01,14.3541,0.069668,6665.311976,7.57,2.43,10000,1026.2
910,281874,0.01,16.6963,0.059898,9652.439977,9.86,0.14,10000,1027.3
911,282074,0.01,15.5599,0.064273,8633.058564,6.93,3.06,10000,1028.5
912,282274,0.01,14.5702,0.068634,7671.351923,6.97,3.02,10000,1029.6
913,282474,0.01,16.7463,0.059717,8403.002529,9.98,0.01,10000,1030.7
914,282674,0.01,16.3867,0.061027,6928.749691,8.96,1.03,10000,1031.8
915,282874,0.01,15.9629,0.062645,8009.547242,8.91,1.09,10000,1033.0
916,283074,0.01,15.9037,0.062883,8452.810919,9.98,0.02,10000,1034.1
917,283274,0.01,14.0992,0.07093,10519.769996,5.93,4.07,10000,1035.2
918,283474,0.01,16.7015,0.059876,8297.334483,8.97,1.02,10000,1036.4
919,283674,0.01,14.9522,0.066885,8963.572287,8.84,1.17,10000,1037.5
920,283874,0.01,15.8716,0.063007,8941.076138,8.97,1.03,10000,1038.6
921,284074,0.01,15.8922,0.062927,8077.274122,8.98,1.02,10000,1039.8
922,284274,0.01,15.5519,0.064304,7931.694535,7.93,2.06,10000,1040.9
923,284474,0.01,16.0062,0.062476,7579.412528,9.96,0.04,10000,1042.0
924,284674,0.01,14.7363,0.06787,7762.949575,7.98,2.02,10000,1043.1
925,284874,0.01,17.0221,0.05875,5876.370058,10.0,0.0,10000,1044.3
926,285074,0.01,15.0986,0.06625,8306.306993,8.0,2.0,10000,1045.4
927,285274,0.01,14.8449,0.067364,9909.164758,6.92,3.08,10000,1046.6
928,285474,0.01,15.804,0.063278,10259.638063,8.94,1.06,10000,1047.7
929,285674,0.01,14.8368,0.067403,9830.79698,8.94,1.06,10000,1048.8
930,285874,0.01,15.5467,0.064329,8213.007208,8.88,1.12,10000,1050.0
931,286074,0.01,14.9733,0.066788,9402.604555,8.54,1.46,10000,1051.1
932,286274,0.01,15.5221,0.064427,7855.684701,7.97,2.02,10000,1052.2
933,286474,0.01,15.8748,0.062992,9224.531023,6.95,3.06,10000,1053.4
934,286674,0.01,15.453,0.064714,9041.405353,8.57,1.43,10000,1054.5
935,286874,0.01,15.4397,0.064768,9738.668722,8.9,1.1,10000,1055.7
936,287074,0.01,15.4972,0.064528,8376.837255,7.92,2.08,10000,1056.8
937,287274,0.01,15.9065,0.062869,8565.455262,9.0,1.0,10000,1058.0
938,287474,0.01,16.4798,0.060684,9491.074515,8.97,1.03,10000,1059.1
939,287674,0.01,15.3751,0.065045,8501.121989,9.08,0.92,10000,1060.2
940,287874,0.01,14.7541,0.067778,9391.303344,6.96,3.04,10000,1061.4
941,288074,0.01,16.4752,0.060702,8646.066633,8.96,1.03,10000,1062.5
942,288274,0.01,15.714,0.063641,9698.327668,8.0,2.0,10000,1063.6
943,288474,0.01,14.7019,0.068019,8642.824677,8.27,1.74,10000,1064.7
944,288674,0.01,16.4374,0.060839,10035.749146,8.91,1.08,10000,1065.9
945,288874,0.01,15.6778,0.063788,9100.000704,8.16,1.83,10000,1067.0
946,289074,0.01,17.209,0.058112,8599.845258,9.95,0.05,10000,1068.2
947,289274,0.01,16.6208,0.060167,8966.190852,9.89,0.11,10000,1069.3
948,289474,0.01,14.8553,0.067317,7959.2218,8.9,1.1,10000,1070.5
949,289674,0.01,16.6578,0.060034,7042.864273,9.97,0.03,10000,1071.6
950,289874,0.01,15.8054,0.063272,9004.911573,8.95,1.05,10000,1072.7
951,290074,0.01,16.1321,0.06199,6488.71211,9.98,0.02,10000,1073.9
952,290274,0.01,14.8068,0.067542,7612.315855,7.08,2.92,10000,1075.0
953,290474,0.01,16.2067,0.061711,7856.343566,9.96,0.04,10000,1076.1
954,290674,0.01,15.3734,0.06505,7262.912994,7.39,2.61,10000,1077.2
955,290874,0.01,14.6418,0.068309,7746.463373,8.85,1.16,10000,1078.4
956,291074,0.01,13.9548,0.071661,7376.705066,6.8,3.19,10000,1079.5
957,291274,0.01,13.1439,0.076081,9479.126729,5.94,4.06,10000,1080.7
958,291474,0.01,17.6504,0.056658,10883.114908,9.87,0.13,10000,1081.8
959,291674,0.01,15.5329,0.064384,7613.419329,9.95,0.06,10000,1083.0
960,291874,0.01,14.3044,0.06992,8502.285106,6.96,3.04,10000,1084.1
961,292074,0.01,14.8763,0.067224,7774.931709,8.55,1.45,10000,1085.2
962,292274,0.01,13.8405,0.072255,9787.910459,6.96,3.04,10000,1086.6
963,292474,0.01,15.6562,0.063874,8884.97482,8.61,1.4,10000,1087.9
964,292674,0.01,15.9511,0.062692,7544.30633,8.92,1.08,10000,1089.1
965,292874,0.01,14.7735,0.06769,6496.403019,7.0,3.0,10000,1090.3
966,293074,0.01,15.2417,0.065609,6325.695543,7.8,2.2,10000,1091.5
967,293274,0.01,16.9689,0.058937,7901.67844,8.94,1.06,10000,1092.6
968,293474,0.01,14.7559,0.067774,7949.024024,6.93,3.06,10000,1093.8
969,293674,0.01,15.9348,0.062756,6335.181853,9.91,0.09,10000,1094.9
970,293874,0.01,16.3591,0.061131,6176.725684,8.94,1.06,10000,1096.0
971,294074,0.01,15.8835,0.062959,7091.902882,9.39,0.6,10000,1097.1
972,294274,0.01,14.1049,0.070899,7105.910862,7.92,2.08,10000,1098.3
973,294474,0.01,17.2873,0.057854,8356.912456,9.91,0.09,10000,1099.4
974,294674,0.01,14.7556,0.067776,7801.623464,8.95,1.05,10000,1100.5
975,294874,0.01,15.2048,0.065779,7965.442176,7.96,2.04,10000,1101.7
976,295074,0.01,16.7028,0.059871,7832.999196,9.82,0.17,10000,1102.8
977,295274,0.01,13.8772,0.072064,7692.803668,6.59,3.4,10000,1104.0
978,295474,0.01,16.9156,0.05912,8355.291353,9.96,0.04,10000,1105.1
979,295674,0.01,15.5236,0.064422,6527.482832,8.0,2.0,10000,1106.4
980,295874,0.01,16.1289,0.062006,6844.957804,8.96,1.04,10000,1107.6
981,296074,0.01,16.0888,0.062157,6217.618194,7.98,2.02,10000,1108.8
982,296274,0.01,15.6894,0.06374,6616.647164,8.94,1.06,10000,1109.9
983,296474,0.01,16.5606,0.060399,6116.600983,9.29,0.71,10000,1111.1
984,296674,0.01,14.3246,0.069815,6915.153861,6.42,3.58,10000,1112.2
985,296874,0.01,16.8281,0.059438,6635.059313,8.95,1.05,10000,1113.3
986,297074,0.01,15.0482,0.066455,7927.639148,8.22,1.77,10000,1114.4
987,297274,0.01,16.1672,0.061859,4901.428255,9.95,0.06,10000,1115.6
988,297474,0.01,15.1449,0.06603,5725.207743,7.41,2.59,10000,1116.7
989,297674,0.01,15.5483,0.064319,6916.186364,9.96,0.04,10000,1117.9
990,297874,0.01,13.7219,0.072881,6394.335906,6.97,3.03,10000,1119.0
991,298074,0.01,16.9758,0.058909,5278.059248,10.0,0.0,10000,1120.1
992,298274,0.01,14.3896,0.069497,5321.544583,7.95,2.06,10000,1121.3
993,298474,0.01,14.9882,0.066719,6584.825867,8.91,1.09,10000,1122.4
994,298674,0.01,17.7919,0.056205,5346.634648,9.94,0.06,10000,1123.5
995,298874,0.01,16.9235,0.059093,6311.406246,9.95,0.06,10000,1124.6
996,299074,0.01,17.028,0.058733,4637.186526,9.97,0.03,10000,1125.8
997,299274,0.01,16.2292,0.061618,6104.165397,8.96,1.03,10000,1126.9
998,299474,0.01,15.5113,0.064472,6033.963218,8.8,1.2,10000,1128.0
999,299674,0.01,15.0581,0.06642,6222.148694,8.88,1.12,10000,1129.2
1000,299874,0.01,14.8568,0.067315,6545.76316,7.39,2.6,10000,1130.3
